ポストID,日付,ポスト本文,ポストのリンク,インプレッション数,いいね,エンゲージメント,ブックマーク,Shares,新しいフォロー,返信,リポスト,プロフィールへのアクセス数,Detail Expands,URL Clicks,Hashtag Clicks,Permalink Clicks
1948716110104187182,"Fri, Jul 25, 2025",デザインとは、究極の「おもてなし」です。使う人が迷わないように、そっと手を差し伸べる。伝えたい情報が、すっと頭に入るように、道を整えてあげる。相手への想像力と、思いやりの深さが、そのままデザインの質になります。,https://x.com/Hisashi_dn/status/1948716110104187182,202,4,4,0,0,0,0,0,0,0,0,0,0
1948701512739553604,"Fri, Jul 25, 2025",「自分にはセンスがない」という悩み、もうやめにしませんか。センスとは、先天的な才能ではなく、良質なインプットと膨大な試行錯誤の末に生まれる「後天的な美意識」のこと。つまり、今からでも、誰でも磨くことができるんです。,https://x.com/Hisashi_dn/status/1948701512739553604,206,3,7,0,0,0,0,0,4,0,0,0,0
1948684904172323066,"Fri, Jul 25, 2025",マインドを整えられるスキルっていつでも重宝される。 AIを凌駕するデザイナーになるための思考法をまとめました。 https://t.co/U2paTO3aMn,https://x.com/Hisashi_dn/status/1948684904172323066,275,0,10,0,0,0,0,0,1,0,0,0,0
1948680899098542253,"Fri, Jul 25, 2025","【🔥緊急でセミナー開催します！🔥】 【サムネの魔術師】と【""元""イラレの魔術師】による、おそらく最後の魔術師セミナーになります。 テーマは『思考法とマインド』 どっちも同じじゃね？と思うかもしれません（僕も思いました）が、実はちがいます。 https://t.co/y2sOYtkW9u",https://x.com/Hisashi_dn/status/1948680899098542253,769,6,23,0,0,0,0,2,3,0,8,0,0
,,,https://x.com/Hisashi_dn/status/undefined,0,0,0,0,0,0,0,0,0,0,0,0,0
1948670559060983932,"Fri, Jul 25, 2025",「WHY」を5回繰り返す。トヨタ生産方式で有名な手法ですが、これはデザインの本質そのもの。「なぜ、このボタンは赤なのか？」「なぜ、目立たせる必要があるのか？」…なぜを繰り返すことで、表層的な要望の奥にある、本質的な目的にたどり着けます。,https://x.com/Hisashi_dn/status/1948670559060983932,236,6,6,0,0,0,0,0,0,0,0,0,0
1948606730348495164,"Fri, Jul 25, 2025",@tsubo_pi 思考法！！！,https://x.com/Hisashi_dn/status/1948606730348495164,151,1,6,0,0,0,1,0,4,0,0,0,0
1948402037437468993,"Thu, Jul 24, 2025",@tsubo_pi 告知ポストが0時過ぎはヤバいですサム魔,https://x.com/Hisashi_dn/status/1948402037437468993,170,4,9,0,0,0,1,0,4,0,0,0,0
1948401963164434619,"Thu, Jul 24, 2025",@tsubo_pi 思考法！！！,https://x.com/Hisashi_dn/status/1948401963164434619,83,1,2,0,0,0,0,0,1,0,0,0,0
1948223896488141164,"Thu, Jul 24, 2025",あれ？？？,https://x.com/Hisashi_dn/status/1948223896488141164,582,4,5,0,0,0,0,0,1,0,0,0,0
1948028972421538033,"Wed, Jul 23, 2025",読みやすすぎた,https://x.com/Hisashi_dn/status/1948028972421538033,579,2,3,0,0,0,0,0,1,0,0,0,0
1947997658918039873,"Wed, Jul 23, 2025",めちゃくちゃ有益だった。軽いコラムかと思って見たら3000〜4000字くらいあった（体感）。デザイン駆け出しで案件取れなくて悩んでる人への一つの処方箋になると思う。,https://x.com/Hisashi_dn/status/1947997658918039873,3396,8,16,1,0,0,0,1,7,0,0,0,0
1947960128365363699,"Wed, Jul 23, 2025",「クライアントは、デザインが欲しいんじゃない。結果が欲しいんだ」。この言葉の意味が、本当に腹落ちした瞬間、あなたのデザイナーとしてのレベルは、確実に一段上がります。,https://x.com/Hisashi_dn/status/1947960128365363699,414,5,6,0,0,0,0,0,1,0,0,0,0
1947871544006611332,"Wed, Jul 23, 2025",多くのデザイナーが、クライアントに「何色が良いですか？」と聞いてしまう。でも、その質問が、あなたの単価を下げていることに気づいていますか？一流は、色や形の話をする前に、全く別のことを聞いています。,https://x.com/Hisashi_dn/status/1947871544006611332,405,1,5,0,0,0,0,0,4,0,0,0,0
1947854683071991920,"Wed, Jul 23, 2025",「良いデザインですね」で終わるのが二流。「おかげで売上が上がったよ！」と言われて初めて一流。クライアントのビジネスの成果にコミットする。そのマインドセットが、あなたの価値を決めます。,https://x.com/Hisashi_dn/status/1947854683071991920,908,15,21,0,0,0,0,0,6,0,0,0,0
1947809887687479550,"Wed, Jul 23, 2025",あなたは、クライアントの「御用聞き」ですか？それとも「ドクター」ですか？症状を聞くだけでなく、根本原因を突き止め、最適な処方箋を出す。その意識を持つだけで、あなたの立ち振る舞いは全部変わるはずです。,https://x.com/Hisashi_dn/status/1947809887687479550,373,5,5,0,0,0,0,0,0,0,0,0,0
1947794285127970840,"Tue, Jul 22, 2025",継続案件が絶えないデザイナーは、例外なく「ヒアリング」が上手い。なぜなら、初回のヒアリングで、次の仕事に繋がる「隠れた課題」まで見つけているから。その方法、知りたくないですか？,https://x.com/Hisashi_dn/status/1947794285127970840,625,14,20,0,0,0,0,0,6,0,0,0,0
1947779940784517147,"Tue, Jul 22, 2025",「参考サイトはありますか？」この質問も、実は思考停止ワード。一流は、参考サイトを探す前に、まず「このプロジェクトにおける『成功』の定義」をクライアントとすり合わせます。,https://x.com/Hisashi_dn/status/1947779940784517147,430,10,10,0,0,0,0,0,0,0,0,0,0
1947606623452860646,"Tue, Jul 22, 2025",ヒアリングの目的は、クライアントの要望を聞くことではありません。クライアント自身も気づいていない「本当の課題」を、あなたが言語化してあげること。これができると、一瞬で「パートナー」としての信頼を得られます。,https://x.com/Hisashi_dn/status/1947606623452860646,860,21,33,0,0,0,0,1,11,0,0,0,0
1946799659646886096,"Sun, Jul 20, 2025",@7709_012 いいねありがとうございます！ いいねした方限定で、コピペで使える配色データ配ってるので、もしよかったら！ ▼こちらから https://t.co/yA9RE590It https://t.co/Tq9f3TL42u,https://x.com/Hisashi_dn/status/1946799659646886096,19,0,1,0,0,0,0,0,1,0,0,0,0
1946361091044552943,"Sat, Jul 19, 2025",「人生は、選択の連続だ」。そして、その選択の質は「判断基準」で決まります。あなたにとって、仕事を選ぶ上で、お金より、時間より、大切にしているものは何ですか？その「軸」を持つことが、後悔しない選択に繋がります。,https://x.com/Hisashi_dn/status/1946361091044552943,508,9,11,0,0,0,0,0,2,0,0,0,0
1946344733762314567,"Fri, Jul 18, 2025",「休むこと」に、罪悪感を感じていませんか？脳は、休んでいる間に、情報を整理し、記憶を定着させています。休むのは、サボることじゃない。むしろ、学びを促進するための、積極的な行為なんです。,https://x.com/Hisashi_dn/status/1946344733762314567,383,5,5,0,0,0,0,0,0,0,0,0,0
1946330640934473906,"Fri, Jul 18, 2025",「なぜ、この料金なのですか？」と聞かれた時に、堂々と、その価値を説明できますか？「なんとなく」で値段を決めていると、この質問に答えられません。全ての価格に、明確な根拠を持つ。それが、プロの価格設定です。,https://x.com/Hisashi_dn/status/1946330640934473906,614,10,13,0,0,0,0,0,3,0,0,0,0
1946217104010850600,"Fri, Jul 18, 2025",フォロワーの皆さまにもっと価値提供してください。 1週間毎日投稿しましょう💪,https://x.com/Hisashi_dn/status/1946217104010850600,702,3,3,0,0,0,0,0,0,0,0,0,0
1946156990465712458,"Fri, Jul 18, 2025",サムネを作ってるサムネの魔術師。Photoshopのグラフィックスタイル使いこなしてる。 @tsubo_pi https://t.co/RTB1GA5qqV,https://x.com/Hisashi_dn/status/1946156990465712458,4144,16,202,1,1,0,0,0,27,0,0,0,0
1946148188433297801,"Fri, Jul 18, 2025",「自分のファン」を一人、作ること。それは、家族でも、友人でも、SNSのフォロワーさんでもいい。その人が見てくれている、と思うだけで、人は、ちょっとだけ強く、誠実になれるものです。,https://x.com/Hisashi_dn/status/1946148188433297801,372,5,5,0,0,0,0,0,0,0,0,0,0
1946134347272110279,"Fri, Jul 18, 2025",「とりあえず、3年続けてみなさい」。よく言われる言葉ですが、僕は「目的意識のない3年」なら、すぐに辞めた方がいいとさえ思います。大切なのは、期間ではなく「密度」。何を学び、どう成長するか。その意志があるかです。,https://x.com/Hisashi_dn/status/1946134347272110279,408,7,10,0,0,0,0,0,3,0,0,0,0
1946118744327037019,"Fri, Jul 18, 2025",「体・心・頭」のコンディションを整えること。これが、パフォーマンスの土台。良い睡眠、バランスの取れた食事、適度な運動。基本ですが、この土台がぐらついていると、どんなテクニックも意味を成しません。,https://x.com/Hisashi_dn/status/1946118744327037019,324,3,3,0,0,0,0,0,0,0,0,0,0
1946059100816887988,"Fri, Jul 18, 2025",「クライアントの予算が少ないから、良いものは作れない」。それは、プロのセリフではありません。限られた予算の中で、知恵と工夫を凝らして、最高の価値を提供する。その制約こそが、クリエイティビティを刺激するんです。,https://x.com/Hisashi_dn/status/1946059100816887988,384,3,6,0,0,0,0,0,3,0,0,0,0
1946043247245291766,"Fri, Jul 18, 2025",あなたの部屋の本棚は、あなたの「脳みそ」の一部です。どんな本に囲まれて過ごすか。それが、あなたの思考や、作るものを、静かに、しかし確実に形作っていきます。,https://x.com/Hisashi_dn/status/1946043247245291766,254,1,1,0,0,0,0,0,0,0,0,0,0
1946027895555756523,"Fri, Jul 18, 2025",「できない理由」を探すのは、世界で一番簡単な仕事。でも、誰でもできる仕事に、価値はありません。「どうすればできるか」を考える、難しくて、価値のある仕事を、僕らは選んでいきたいですよね。,https://x.com/Hisashi_dn/status/1946027895555756523,304,4,4,0,0,0,0,0,0,0,0,0,0
1945997193204154369,"Fri, Jul 18, 2025",「もし、明日死ぬとしたら、今日の仕事に満足できるか？」少しだけ、極端な質問。でも、この問いが、日々の仕事に「魂」を込めるきっかけになります。僕らは、ただの作業をしているんじゃない。自分の人生という、作品を作っているんです。,https://x.com/Hisashi_dn/status/1945997193204154369,454,10,10,0,0,0,0,0,0,0,0,0,0
1945983855409631680,"Thu, Jul 17, 2025",「教えてもらう」ステージから「教える」ステージへ。少しでも先に進んだら、今度はあなたが、後から来る人の手を引いてあげる番。人に教えることで、自分の知識が、いかに曖昧だったかに気づかされます。教えることは、最高の学びです。,https://x.com/Hisashi_dn/status/1945983855409631680,340,5,7,0,0,0,1,0,1,0,0,0,0
1945968252980470270,"Thu, Jul 17, 2025",「孤独」は、フリーランスにとって、思考を深めるための「聖域」にもなります。誰にも邪魔されず、自分と向き合う時間。この時間を、戦略的に使いこなせるかどうかが、成長の鍵を握っている気がします。,https://x.com/Hisashi_dn/status/1945968252980470270,406,7,7,0,0,0,0,0,0,0,0,0,0
1945786807406485998,"Thu, Jul 17, 2025",仕事でミスをしたら、言い訳を探す前に、まず「申し訳ありません。すぐに対応します」と、誠実に対応する。信頼とは、失敗しないことではなく、失敗した時に、どう振る舞うかで決まります。,https://x.com/Hisashi_dn/status/1945786807406485998,379,5,5,0,0,0,0,0,0,0,0,0,0
1945770701664776594,"Thu, Jul 17, 2025",「あの人は、運がいい」。そう見える人は、例外なく、人より多く「バッターボックス」に立っています。空振りも多いけど、その分、ヒットを打つチャンスも多い。運とは、行動量の先にある、確率論なのかもしれません。,https://x.com/Hisashi_dn/status/1945770701664776594,396,11,11,3,0,0,0,0,0,0,0,0,0
1945756105365459312,"Thu, Jul 17, 2025",最高のポートフォリオとは、完成されたものではなく「成長の過程」が見えるもの。「これが最初の作品で、フィードバックを受けて、こう改善しました」。その伸びしろに、人は可能性を感じ、投資したくなるのです。,https://x.com/Hisashi_dn/status/1945756105365459312,479,8,11,0,0,0,0,1,2,0,0,0,0
1945697216653299786,"Thu, Jul 17, 2025",「バーンアウト」しそうな時、僕はよく「何のために、この仕事を始めたんだっけ？」と、自分の原点に立ち返ります。お金のためだけじゃない、もっと熱い想いが、そこにあったはず。その火種を、もう一度見つけにいくんです。,https://x.com/Hisashi_dn/status/1945697216653299786,361,8,9,0,0,0,0,0,1,0,0,0,0
1945680860075737291,"Thu, Jul 17, 2025",「時は金なり」と言いますが、フリーランスにとっては、もっとシビア。「時は、命なり」です。自分の命の時間を、安売りしてはいけません。価値を感じない仕事や、尊敬できない相手に、大切な命を使うのは、もうやめにしましょう。,https://x.com/Hisashi_dn/status/1945680860075737291,432,9,11,1,0,0,0,0,2,0,0,0,0
1945666262811517338,"Thu, Jul 17, 2025",「自分には、特別なストーリーなんてない」。そう思っているあなたへ。あなたが、どんなことに悩み、どう乗り越え、何を学んだか。その一つ一つが、誰かにとっては、勇気になる特別なストーリーです。,https://x.com/Hisashi_dn/status/1945666262811517338,294,5,5,0,0,0,0,0,0,0,0,0,0
1945636063831363687,"Thu, Jul 17, 2025",「やりたくないこと」を、我慢して続けていませんか？その時間は、あなたが本当にやりたいことに使えるはずだった、貴重な時間です。人生は、有限。やりたくないことを、一つずつ手放していく勇気も必要です。,https://x.com/Hisashi_dn/status/1945636063831363687,385,4,5,0,0,0,0,1,0,0,0,0,0
1945619706783690955,"Wed, Jul 16, 2025",僕がもし、今からデザインを学ぶなら「Web」と「紙」、両方の基本を学びます。WebはUIやインタラクションの論理的思考を、紙はレイアウトやタイポグラフィの普遍的な美意識を、教えてくれるから。両方知っていると、デザインに深みが出ます。,https://x.com/Hisashi_dn/status/1945619706783690955,339,6,6,0,0,0,0,0,0,0,0,0,0
1945605613968392448,"Wed, Jul 16, 2025",「なぜ、このデザインはダメなのか」を説明するより「どうすれば、もっと良くなるのか」を語る。批判やダメ出しからは、何も生まれません。常に、ポジティブで、建設的な言葉を選ぶ。その姿勢が、良いチームを作ります。,https://x.com/Hisashi_dn/status/1945605613968392448,720,17,23,2,0,0,1,0,5,0,0,0,0
1945424167836217592,"Wed, Jul 16, 2025",「不安」という感情は、未来を予測しようとするから生まれます。だから、不安になったら、意識を「今、ここ」に戻す。「今、この瞬間にできることは何だろう？」と、目の前のタスクに集中する。それが、一番の不安解消法です。,https://x.com/Hisashi_dn/status/1945424167836217592,479,9,10,0,0,0,0,0,1,0,0,0,0
1945409822863876396,"Wed, Jul 16, 2025",フリーランスは、自分自身が「商品」であり「パッケージ」です。オンラインで会う時の服装や髪型、背景。そのパッケージが魅力的でなければ、中身（スキル）を見てもらう前に、去られてしまうかもしれません。,https://x.com/Hisashi_dn/status/1945409822863876396,352,4,4,0,0,0,0,0,0,0,0,0,0
1945394220136620225,"Wed, Jul 16, 2025",「インプット」は、食事と同じ。バランスが大事です。デザインの本ばかり読んでいても、栄養が偏る。時には、小説を読んで感情を揺さぶられたり、ドキュメンタリーで社会問題を知ったり。豊かな土壌からしか、豊かな作物は育ちません。,https://x.com/Hisashi_dn/status/1945394220136620225,323,1,3,0,0,0,0,0,2,0,0,0,0
1945334576756527424,"Wed, Jul 16, 2025",自分の仕事に値段をつける時、僕はよく「もし、親友が同じ仕事をしていて、値段に悩んでいたら、自分はいくらが妥当だと言うだろう？」と考えます。他人事だと、意外と客観的で、正当な値段がつけられるものです。,https://x.com/Hisashi_dn/status/1945334576756527424,413,5,8,0,0,0,0,0,3,0,0,0,0
1945318471514120488,"Wed, Jul 16, 2025",「圧倒的努力」という言葉は、根性論に聞こえるかもしれません。でも、初心者の頃は、質より量が、質に転化するフェーズが必ずあります。考えすぎる前に、まず手を動かす。下手でもいいから、たくさん作る。その量が、あなたを守る「盾」になります。,https://x.com/Hisashi_dn/status/1945318471514120488,444,6,9,0,0,0,0,0,3,0,0,0,0
1945303119757230305,"Wed, Jul 16, 2025","「No」と言うのは、勇気がいりますよね。でも、上手な断り方は「No, but...」です。「今回はできません、しかし、〇〇なら可能です」と代替案を出す。ただ拒絶するのではなく、相手の目的達成に寄り添う姿勢を見せるのが、プロの断り方。",https://x.com/Hisashi_dn/status/1945303119757230305,377,3,4,0,0,0,0,0,1,0,0,0,0
1945272417238311402,"Wed, Jul 16, 2025",「自分の好きなこと」を仕事にするのは、素晴らしい。でも、それ以上に強いのは「誰かの困りごとを解決するのが、好き」な人。自分の「好き」より、相手の「助かった」に喜びを感じられるか。それが、ビジネスとして長く続く秘訣です。,https://x.com/Hisashi_dn/status/1945272417238311402,408,7,11,0,0,0,0,0,4,0,0,0,0
1945259079217156534,"Tue, Jul 15, 2025",「落ち込む」のと「反省する」のは、違います。落ち込むのは、感情。反省するのは、思考。「あー、ダメだった…」で終わらせず「なぜダメだったんだろう？次はどうしよう？」と、思考に繋げる。この癖が、あなたを成長させます。,https://x.com/Hisashi_dn/status/1945259079217156534,464,11,13,1,0,0,0,0,2,0,0,0,0
1945242722517885211,"Tue, Jul 15, 2025",クライアントに「〇〇さんのおかげで、助かりました」と言われたら、すかさず「もしよろしければ、そのお言葉を『お客様の声』としてサイトに掲載させていただいてもよろしいでしょうか？」と聞いてみましょう。最高の褒め言葉は、最高の営業ツールになります。,https://x.com/Hisashi_dn/status/1945242722517885211,684,19,24,2,0,0,0,0,5,0,0,0,0
1945061025058828619,"Tue, Jul 15, 2025",「何を学ぶべきか」で迷ったら、今の自分に一番「お金と時間」を投資している分野を、さらに深掘りするのがおすすめです。なぜなら、そこには、あなたの無意識の「好き」と「得意」が隠れている可能性が高いからです。,https://x.com/Hisashi_dn/status/1945061025058828619,372,7,7,0,0,0,0,0,0,0,0,0,0
1945046177180791249,"Tue, Jul 15, 2025",フリーランスにとって、一番の資産は「信用」です。そして、信用とは「小さな約束を守り続けた結果」でしかありません。納期を守る、連絡を返す、言ったことをやる。その地道な積み重ねが、何よりのセーフティネットになります。,https://x.com/Hisashi_dn/status/1945046177180791249,329,4,4,0,0,0,0,0,0,0,0,0,0
1945040374612865142,"Tue, Jul 15, 2025",サム魔なう @tsubo_pi よく使う素材サイト集とか、案件管理シートとか、売り上げ管理表とか自作で作ってて意外とマメでした笑 なのになんで納期遅れるんだ、、^_^ https://t.co/oeh1ZCZMSN,https://x.com/Hisashi_dn/status/1945040374612865142,1137,21,103,1,0,0,0,0,11,0,0,0,0
1945031077417963807,"Tue, Jul 15, 2025",「モチベーションが上がらない…」そんな時は、環境の力を借りる。カフェに行く、コワーキングスペースに行く、図書館に行く。場所を変えるだけで、脳は「ここは、集中する場所だ」と切り替わります。自分の意志力だけに頼らない。,https://x.com/Hisashi_dn/status/1945031077417963807,361,3,3,0,0,0,0,0,0,0,0,0,0
1944970930947567773,"Tue, Jul 15, 2025",「どうせ私なんて…」が口癖になっていませんか？脳は、意外と単純なので、その言葉を聞くと本当に自分の価値を下げてしまいます。意識して「私ならできる！」「面白くなってきた！」と、言葉を変えてみる。言葉が、あなたの現実を創っていくんです。,https://x.com/Hisashi_dn/status/1944970930947567773,766,17,21,1,0,0,0,1,3,0,0,0,0
1944955580013056376,"Tue, Jul 15, 2025",毎日、寝る前に3分だけ、その日「できたこと」を3つ書き出してみませんか。「クライアントにすぐ返信できた」「ショートカットを一つ覚えた」。どんな小さなことでもいい。自分を承認して眠りにつくと、自己肯定感は、じわじわと回復していきます。,https://x.com/Hisashi_dn/status/1944955580013056376,494,12,13,3,0,0,0,0,1,0,0,0,0
1944940732067754294,"Tue, Jul 15, 2025",もし僕が今からフリーランスになるなら、最初の1ヶ月は、スキルアップより「1円でもいいから、自分の力で稼ぐ」経験を最優先します。その「1円」が、会社に頼らず生きていくという、何物にも代えがたい覚悟と自信をくれるからです。,https://x.com/Hisashi_dn/status/1944940732067754294,368,6,6,0,0,0,0,0,0,0,0,0,0
1944910784624255011,"Tue, Jul 15, 2025",プロとアマチュアの決定的な違い。それは、アマチュアが「時間がある時にやろう」と考えるのに対し、プロは「やるための時間を、先に確保する」ことです。カレンダーに、学びや営業の時間を「アポイントメント」として入れてしまう。自分との約束を守れますか？,https://x.com/Hisashi_dn/status/1944910784624255011,378,7,8,0,0,0,0,0,1,0,0,0,0
1944896691741573558,"Mon, Jul 14, 2025",「お金」は、それ自体が目的なのではありません。大切な人を守ったり、新しい挑戦をしたりするための「自由」と交換できる、便利なチケット。そのチケットを、どう使って、どんな人生を体験したいですか？,https://x.com/Hisashi_dn/status/1944896691741573558,301,1,1,0,0,0,0,0,0,0,0,0,0
1944880837889286321,"Mon, Jul 14, 2025",「継続」が難しいのは、最初から「100点」を目指そうとするから。最初は「30点」でいいんです。毎日続けること自体が、まず100点満点。ハードルを、思いっきり下げてあげる。それが、続けるための最大のコツ。,https://x.com/Hisashi_dn/status/1944880837889286321,489,13,15,1,0,0,0,1,1,0,0,0,0
1944698888637604281,"Mon, Jul 14, 2025",仕事で落ち込んだ時、僕はよく、自分の好きな「主人公」が出てくる映画や漫画を見ます。彼らが、どうやって困難を乗り越えたか。その姿に、勇気をもらう。「自分も、まだやれるぞ」って。あなたのヒーローは、誰ですか？,https://x.com/Hisashi_dn/status/1944698888637604281,419,6,7,0,0,0,0,0,1,0,0,0,0
1944684544155660594,"Mon, Jul 14, 2025",「返報性の原理」って、知っていますか？人は、何かをしてもらったら「お返しをしたい」と感じる生き物。だから、まずはこちらからGIVEする。その見返りを求めないGIVEが、巡り巡って、一番大きなリターンを生むんです。,https://x.com/Hisashi_dn/status/1944684544155660594,425,7,10,0,0,0,0,0,3,0,0,0,0
1944677300550971698,"Mon, Jul 14, 2025",@ryota_web222 いいねありがとうございます！ いいねした方限定で、コピペで使える配色データ配ってるので、もしよかったら！ ▼こちらから https://t.co/yA9RE590It https://t.co/wQWJlJ6z9r,https://x.com/Hisashi_dn/status/1944677300550971698,10,0,0,0,0,0,0,0,0,0,0,0,0
1944669947621200382,"Mon, Jul 14, 2025",AIに、良いデザインを作らせるコツ。それは、良い「質問（プロンプト）」を投げかけることです。これからのデザイナーには、AIという優秀な部下に、的確な指示を出す「アートディレクター」としての能力が、ますます求められます。,https://x.com/Hisashi_dn/status/1944669947621200382,429,3,4,1,0,0,0,0,1,0,0,0,0
1944609046297796860,"Mon, Jul 14, 2025",「何者かになりたい」という想いは、尊い。でも「何者でもない自分」を、愛してあげることも、同じくらい大事。結果が出なくても、頑張っている過程そのものに、価値がある。自分だけは、自分の絶対的な味方でいてあげましょう。,https://x.com/Hisashi_dn/status/1944609046297796860,308,1,3,1,0,0,0,0,2,0,0,0,0
1944593443855929676,"Mon, Jul 14, 2025",もし、あなたのデザインが誰かに批判されたら。「私の人格が否定された」ではなく「私のデザインという『仮説』に、一つの意見をもらえた」と捉えてみる。自分と作品を、切り離して考える。プロのメンタリティです。,https://x.com/Hisashi_dn/status/1944593443855929676,543,14,14,0,0,0,0,0,0,0,0,0,0
1944579853828940177,"Mon, Jul 14, 2025",「あの時、あっちの道を選んでいたら…」。過去を悔やんでも、何も変わりません。大切なのは、今いるこの場所から、どうすれば目的地にたどり着けるかを考えること。あなたの物語は、いつだって「今、ここ」から始まります。,https://x.com/Hisashi_dn/status/1944579853828940177,404,6,7,0,0,0,0,0,1,0,0,0,0
1944547641922310318,"Mon, Jul 14, 2025",「良い偶然（セレンディピティ）」は、待っていても起きません。行動し、人と会い、新しい場所に足を運ぶ。たくさん行動する人に、偶然の神様は微笑むようにできている。幸運は、確率論なのかもしれませんね。,https://x.com/Hisashi_dn/status/1944547641922310318,336,3,4,0,0,0,0,0,1,0,0,0,0
1944534052104548417,"Sun, Jul 13, 2025",自信がない時ほど、胸を張って、少しだけゆっくり話してみてください。見た目や話し方を「自信がある人」に近づけるだけで、不思議と、本当に自信が湧いてくる。脳は、意外と単純なんです。形から、入ってみましょう。,https://x.com/Hisashi_dn/status/1944534052104548417,520,9,13,0,0,0,0,0,4,0,0,0,0
1944518449557827700,"Sun, Jul 13, 2025",あなたの仕事は「フロー（流れ作業）」ですか？それとも「ストック（資産）」ですか？ブログ記事やYouTube動画のように、一度作れば資産として価値を生み続ける仕事。これを少しずつでも増やしていく意識が、未来のあなたを楽にします。,https://x.com/Hisashi_dn/status/1944518449557827700,403,2,4,1,0,0,0,0,2,0,0,0,0
1944336500495409612,"Sun, Jul 13, 2025",「好きなことで、生きていく」。その裏側には「好きじゃないことも、プロとしてやり抜く」という覚悟が、必ずセットでついてきます。請求書作りも、面倒な事務作業も、全ては「好き」を続けるために必要なこと。,https://x.com/Hisashi_dn/status/1944336500495409612,670,12,16,0,0,0,1,1,2,0,0,0,0
1944322156130607493,"Sun, Jul 13, 2025",フリーランスは、自分で「締切」を作れる自由があります。でも、それは同時に「無限にサボれる」危険もはらんでいる。だから、仲間と「今週ここまでやります」と宣言し合う。良い意味での「強制力」を、自分で作り出すんです。,https://x.com/Hisashi_dn/status/1944322156130607493,1838,18,24,1,0,0,0,1,5,0,0,0,0
1944307307757629663,"Sun, Jul 13, 2025",「嫉妬」という感情は、強力なガソリンになります。ただし、使い方を間違えると、自分を燃やしてしまう。嫉妬を感じたら「あの人にできて、今の自分に足りないものは何だろう？」と、冷静に分析する。燃料として、賢く使いましょう。,https://x.com/Hisashi_dn/status/1944307307757629663,427,8,8,0,0,0,0,0,0,0,0,0,0
1944247161648296162,"Sun, Jul 13, 2025",「やる気」という、気まぐれな上司に、自分の人生のハンドルを握らせてはいけません。やる気があってもなくても、決まった時間に机に向かう。「習慣」という、優秀な部下を、あなたが雇うんです。,https://x.com/Hisashi_dn/status/1944247161648296162,434,9,10,0,0,0,0,0,1,0,0,0,0
1944232565466181641,"Sun, Jul 13, 2025",クライアントに何かを説明する時、僕はよく「たとえ話」を使います。専門的な話を、相手が知っている身近な物事に例えてあげる。「情報設計は、家の間取り図みたいなものです」みたいに。難しいことを、優しく伝える。これもデザインの力です。,https://x.com/Hisashi_dn/status/1944232565466181641,369,7,7,0,0,0,0,0,0,0,0,0,0
1944215704598925484,"Sun, Jul 13, 2025",「何から学べばいいか分からない…」。そんな時は、あなたが「憧れる人」のSNSやブログを、1年前まで遡って読んでみてください。その人が、どういうプロセスで成長してきたか、その「軌跡」が、あなたのロードマップになります。,https://x.com/Hisashi_dn/status/1944215704598925484,443,6,7,1,0,0,0,0,1,0,0,0,0
1944185254131978252,"Sun, Jul 13, 2025",「この人、信頼できるな」と思われる人に共通するのは「GIVEの精神」だけでなく「上手にTAKEできる」こと。つまり、助けが必要な時に「ごめんなさい、助けてください」と、素直に言えること。弱さを見せられる人は、実は強い。,https://x.com/Hisashi_dn/status/1944185254131978252,427,8,9,0,0,0,0,0,1,0,0,0,0
1944171161316728836,"Sat, Jul 12, 2025",フリーランスにとって「経理」は、自分の事業の「健康診断書」。毎月、数字と向き合うことで「今月は集客が弱かったな」「この経費は、来月は削れるな」と、ビジネスの課題が見えてくる。数字は、あなたにたくさんのことを教えてくれます。,https://x.com/Hisashi_dn/status/1944171161316728836,506,8,10,0,0,0,0,0,2,0,0,0,0
1944155558439006523,"Sat, Jul 12, 2025",電車の広告や、雑誌のレイアウト。ただ眺めるのではなく「自分なら、どう改善するか？」という視点で見てみてください。街中が、あなたの思考力を鍛えるための「ジム」に変わります。このゲーム、結構面白いですよ。,https://x.com/Hisashi_dn/status/1944155558439006523,459,10,11,0,0,0,0,0,1,0,0,0,0
1944011323047878681,"Sat, Jul 12, 2025",@QTW5gLOhB9MORjd 受け取りありがとうございます！！ 以下リンクから受け取ってください🙆‍♂️ 【実践解説】超速デザイン！ イラレを効率化して作業時間を1/2にしよう【Illustrator】 ↓↓↓ https://t.co/SpUVaq6CU1 いつもありがとうございます。 引き続きどうぞよろしくお願いいたします！🔥 【PS.】 https://t.co/Y4oGIwmgDc,https://x.com/Hisashi_dn/status/1944011323047878681,7,1,9,0,0,0,0,0,0,0,5,0,0
1943974616310948162,"Sat, Jul 12, 2025",「自己肯定感」って、無理に上げようとしなくていいんです。それより「自己受容感」を大切に。「今はこれができなくても、まあ、いっか。そんな自分も、自分だよね」と、ありのままを認めてあげる。そこから、本当の成長が始まります。,https://x.com/Hisashi_dn/status/1943974616310948162,627,14,18,0,0,0,0,0,4,0,0,0,0
1943960271245971615,"Sat, Jul 12, 2025",「時間を守る」って、当たり前だけど、なぜ重要か。それは、相手の「人生」の一部を、自分が予約しているからです。5分の遅刻は、相手の人生の5分を、あなたが一方的に奪っているのと同じ。そう考えると、1分1秒の重みが変わってきませんか？,https://x.com/Hisashi_dn/status/1943960271245971615,384,5,6,0,0,0,0,0,1,0,0,0,0
1943944668867141927,"Sat, Jul 12, 2025",僕が知る、ある売れっ子デザイナーは、新しい仕事を受けるかどうかの基準が「そのクライアントの本を、自腹で買いたいか？」だそうです。心からリスペクトでき、応援したいと思える相手としか仕事をしない。その姿勢が、彼の仕事の質と幸福度を高めているんです。,https://x.com/Hisashi_dn/status/1943944668867141927,616,10,13,0,0,0,0,0,3,0,0,0,0
1943914778583572889,"Sat, Jul 12, 2025",@tsuki_no26 受け取りありがとうございます！ データが重いのでGoogle Driveで↓ https://t.co/lfWGwW25Xf https://t.co/PHKlr3Uh8g,https://x.com/Hisashi_dn/status/1943914778583572889,2,0,0,0,0,0,0,0,0,0,0,0,0
1943884521906020715,"Sat, Jul 12, 2025",デザインや文章に「完璧」はありません。でも「完了」はあります。いつまでも修正を繰り返すのではなく「今の自分のベストは、これです」と、勇気を持って完了させる。その「決断力」も、プロに必要なスキルです。,https://x.com/Hisashi_dn/status/1943884521906020715,493,8,9,1,0,0,0,0,1,0,0,0,0
1943869674329878650,"Sat, Jul 12, 2025",5年後の理想の1日を、具体的に想像してみたことありますか？何時に起きて、どんな仕事をして、誰と食事をするか。未来の解像度が上がると、今やるべきことが、驚くほど明確になります。未来からの逆算思考、おすすめです。,https://x.com/Hisashi_dn/status/1943869674329878650,361,3,3,0,0,0,0,0,0,0,0,0,0
1943823117622587705,"Sat, Jul 12, 2025",「できません」とただ断るのは、実は一番簡単。プロは「そのやり方では難しいですが、〇〇という方法なら、△△という形で実現可能です」と代替案を提示します。相手の要望を叶えつつ、自分の専門性を発揮する。それが、本当の課題解決です。,https://x.com/Hisashi_dn/status/1943823117622587705,385,6,6,0,0,0,0,0,0,0,0,0,0
1943807766579360052,"Fri, Jul 11, 2025",スランプは、悪いことじゃない。脳が、大量にインプットした情報を整理して、次のレベルに上がるための「準備期間」なんです。焦らず、そういう時期だと受け入れて、散歩でもしながら脳の整理を手伝ってあげる。「成長の踊り場」だと思ってください。,https://x.com/Hisashi_dn/status/1943807766579360052,575,13,19,1,0,0,0,0,6,0,0,0,0
1943793170489250033,"Fri, Jul 11, 2025",案件が終わった後、クライアントに「お客様の声」をもらうの、お願いしづらいですよね。コツは「今後のサービス向上のために、率直なご意見をいただけませんか？」と、相手のためでもある、というスタンスで聞くこと。アンケート形式にするのも有効です。,https://x.com/Hisashi_dn/status/1943793170489250033,600,22,23,3,0,0,0,0,1,0,0,0,0
1943611978016289003,"Fri, Jul 11, 2025",「ごちゃごちゃして、分かりにくい」。もし、あなたのデザインがそう言われたら、それは「情報のグループ化」ができていないサイン。関係の深いものを近づけ、関係ないものを離す。たったこれだけで、驚くほど整理されます。,https://x.com/Hisashi_dn/status/1943611978016289003,320,3,4,0,0,0,0,0,1,0,0,0,0
1943598134699114990,"Fri, Jul 11, 2025",「教えてもらう」のを待つのではなく「学びを盗む」姿勢へ。先輩の仕事の進め方、メールの書き方。許可なんていらない。見て、分析して、良いと思ったものは、どんどん自分のものにしていく。その貪欲さが、成長を加速させます。,https://x.com/Hisashi_dn/status/1943598134699114990,316,6,7,0,0,0,0,1,0,0,0,0,0
1943581777744007334,"Fri, Jul 11, 2025",デザインは、科学であり、アートでもある。ロジカルな思考と、言葉にならない感性。その両方を行き来するからこそ、この仕事は難しくて、面白いんですよね。左脳と右脳の、心地よいキャッチボールを楽しみましょう。,https://x.com/Hisashi_dn/status/1943581777744007334,510,9,11,0,0,0,0,0,1,1,0,0,0
1943521882587959726,"Fri, Jul 11, 2025",「自分は、まだ初心者だから…」を、言い訳にしていませんか？初心者だからこそ、許される失敗もある。初心者だからこそ、見える視点もある。今のあなたにしか、作れない価値が、必ずあります。,https://x.com/Hisashi_dn/status/1943521882587959726,384,5,5,0,0,0,0,0,0,0,0,0,0
1943506028366303679,"Fri, Jul 11, 2025",「沈黙」が怖いからと、打ち合わせで、つい喋りすぎてしまう。分かります。でも、あえて「間」を作ってみてください。相手が、本当に言いたいことを、考えてくれる時間になります。沈黙は、金なり、です。,https://x.com/Hisashi_dn/status/1943506028366303679,513,9,15,0,0,0,1,0,1,4,0,0,0
1943491934682763708,"Fri, Jul 11, 2025",「モチベーション」は、ガソリンのようなもの。いつかは、必ず切れます。だから、ハイブリッド車のように「習慣」という電気モーターも積んでおく。ガソリンがなくても、最低限走れるように。その仕組みが、あなたを遠くまで運んでくれます。,https://x.com/Hisashi_dn/status/1943491934682763708,382,4,7,0,0,0,0,0,1,2,0,0,0
1943461232654324104,"Fri, Jul 11, 2025",フリーランスの「営業」とは、お願いして仕事をもらうことではありません。相手の課題を聞き、その解決策を一緒に考える「無料コンサルティング」のようなもの。そのコンサルが素晴らしければ、自然と「ぜひ、あなたにお願いしたい」となるはずです。,https://x.com/Hisashi_dn/status/1943461232654324104,312,2,6,0,0,0,0,0,2,2,0,0,0
1943446636954554503,"Thu, Jul 10, 2025",もし、あなたが作ったもので、誰かの時間が「10秒」でも短縮されたなら。それは、その人の人生の貴重な10秒を、あなたがプレゼントしたのと同じこと。デザインとは、時間を生み出す、価値ある仕事なんです。,https://x.com/Hisashi_dn/status/1943446636954554503,372,8,9,1,0,0,0,0,1,0,0,0,0
1943430279684853881,"Thu, Jul 10, 2025",「安定」とは、同じ場所に留まることではない。むしろ、常に変化し続け、どんな環境でも対応できる「しなやかさ」を持つこと。これからの時代、本当の意味で安定しているのは、そういう人なのかもしれません。,https://x.com/Hisashi_dn/status/1943430279684853881,308,4,4,0,0,0,0,0,0,0,0,0,0
1943250595315610079,"Thu, Jul 10, 2025",「ごちゃごちゃして、分かりにくい」。もし、あなたのデザインがそう言われたら、それは「情報のグループ化」ができていないサイン。関係の深いものを近づけ、関係ないものを離す。たったこれだけで、驚くほど整理されます。,https://x.com/Hisashi_dn/status/1943250595315610079,407,6,8,0,0,0,0,1,1,0,0,0,0
1943233985980829779,"Thu, Jul 10, 2025",フリーランスは、会社という「傘」なしで、雨の中を歩くようなもの。だからこそ、自分で「保険」という傘を用意する必要があります。小規模企業共済や所得補償保険。濡れて風邪をひく前に、備えておきましょう。,https://x.com/Hisashi_dn/status/1943233985980829779,467,6,11,1,0,0,0,0,1,4,0,0,0
1943219893085589933,"Thu, Jul 10, 2025",「デザインの倫理」について、考えたことはありますか？人を依存させるデザイン、不利益な選択へ誘導するデザイン。僕らの作るものには、社会に対する責任が伴う。その自覚を持つことも、プロの証です。,https://x.com/Hisashi_dn/status/1943219893085589933,413,3,4,0,0,0,0,0,0,1,0,0,0
1943159746900656364,"Thu, Jul 10, 2025",「作業の速さ」は、才能ではありません。ほぼ「準備」で決まります。素材を整理しておく、よく使う設定は保存しておく、ショートカットを覚える。地味な下準備が、圧倒的なスピードを生むのです。,https://x.com/Hisashi_dn/status/1943159746900656364,456,6,6,0,0,0,0,0,0,0,0,0,0
1943143892918112300,"Thu, Jul 10, 2025",もし、あなたの人生が一本の映画だとしたら。今のこの、苦労している時期は、主人公が成長するための、最も重要な「修行シーン」。クライマックスは、これからです。そう考えると、少しだけワクワクしてきませんか？,https://x.com/Hisashi_dn/status/1943143892918112300,361,3,4,0,0,0,0,0,0,1,0,0,0
1943129044821934347,"Thu, Jul 10, 2025",「この仕事、本当に面白い！」。そう感じた瞬間を、ちゃんと覚えておきましょう。自分が何に喜びを感じるのかを知っておくこと。それが、キャリアに迷った時の、道しるべになります。,https://x.com/Hisashi_dn/status/1943129044821934347,641,10,17,0,0,0,0,1,6,0,0,0,0
1943099853233623253,"Thu, Jul 10, 2025",フリーランスとして生きていく上で、デザインスキルと同じくらい大切なのが「鈍感力」。クライアントの心ない一言や、SNSでの批判。いちいち傷ついていたら、心が持ちません。良い意味で「気にしない」力も、時には必要です。,https://x.com/Hisashi_dn/status/1943099853233623253,537,12,15,0,0,0,0,0,3,0,0,0,0
1943082992265761070,"Wed, Jul 9, 2025",「〇〇さんのようになりたい」。憧れの人がいるのは、素晴らしいこと。でも、その人の「完全なコピー」になる必要はありません。その人から学んだことに、あなた自身の経験というスパイスを加えて、新しい料理を作る。それが、あなたのオリジナリティになります。,https://x.com/Hisashi_dn/status/1943082992265761070,369,2,2,1,0,0,0,0,0,0,0,0,0
1943068648899584189,"Wed, Jul 9, 2025",デザインのアイデアに詰まったら、僕はよく散歩に出かけます。街の看板、建物の形、ショーウィンドウ。目的もなく歩いていると、脳がリラックスして、思わぬヒントが飛び込んでくる。散歩は、最高のブレストツールです。,https://x.com/Hisashi_dn/status/1943068648899584189,403,6,6,0,0,0,0,0,0,0,0,0,0
1942911896023441850,"Wed, Jul 9, 2025",@saaa_free 受け取りありがとうございます！ 下記リンクから予約できます↓↓ https://t.co/Y2xxrpnjWW https://t.co/NquBnhmuzI,https://x.com/Hisashi_dn/status/1942911896023441850,38,0,0,0,0,0,0,0,0,0,0,0,0
1942887452751896848,"Wed, Jul 9, 2025",「自分のデザインには、価値がある」。そう、心から信じていますか？その自信のなさが、見積もりを安くしたり、クライアントに強く出れなかったりする原因。まず、自分が自分の価値を信じる。全ては、そこから始まります。,https://x.com/Hisashi_dn/status/1942887452751896848,368,4,5,0,0,0,0,0,1,0,0,0,0
1942880829434425587,"Wed, Jul 9, 2025",@tournesol__73 受け取りありがとうございます！ データが重いのでGoogle Driveで↓ https://t.co/lfWGwW25Xf https://t.co/h80V5BbuPk,https://x.com/Hisashi_dn/status/1942880829434425587,0,0,0,0,0,0,0,0,0,0,0,0,0
1942876305550422040,"Wed, Jul 9, 2025",素晴らしい。 https://t.co/erSXrXoXtH,https://x.com/Hisashi_dn/status/1942876305550422040,1132,9,67,1,0,0,0,0,7,9,2,0,0
1942873107615949090,"Wed, Jul 9, 2025",「Notion」や「Trello」のようなタスク管理ツール。大切なのは、タスクを綺麗に並べることじゃありません。 一番重要な「重くて嫌なタスク」を特定し、朝イチでそれを片付けるために使う。 それが、ツール本来の目的です。,https://x.com/Hisashi_dn/status/1942873107615949090,452,6,8,0,0,0,0,0,2,0,0,0,0
1942856750173954521,"Wed, Jul 9, 2025",「また、あのデザイナーさんにお願いしたい」。そう思われる人は、スキルが高いだけじゃない。「この人と仕事すると、なんだか楽しい」。そのポジティブな空気感を作れるか。人間力が、最終的な差を生むのかもしれません。,https://x.com/Hisashi_dn/status/1942856750173954521,528,14,14,0,0,0,0,0,0,0,0,0,0
1942797861546287450,"Wed, Jul 9, 2025",「ユーザーの気持ちになって考える」と言うけれど、本当のユーザーになることはできません。だから、せめて「謙虚な観察者」になる。自分の思い込みを捨て、ただ、ユーザーの行動を、先入観なく見つめる。そこに、真実が隠されています。,https://x.com/Hisashi_dn/status/1942797861546287450,434,6,7,0,0,0,0,0,1,0,0,0,0
1942781001366908954,"Wed, Jul 9, 2025",契約書に、たった一文「納品後、〇営業日以内に検収結果を通知する」と加えるだけで、納品後の「連絡が来ない…」というストレスが激減します。自分の身を守る知識。これも、フリーランスの必須スキルですよね。,https://x.com/Hisashi_dn/status/1942781001366908954,523,11,14,4,0,0,0,0,1,2,0,0,0
1942766404845076988,"Wed, Jul 9, 2025",フリーランスにとって、一番怖いのは「仕事がなくなること」より「学びをやめてしまうこと」。学びを止めれば、市場価値は下がる一方。仕事がなくなるのは、その「結果」でしかありません。常に、自分をアップデートし続けましょう。,https://x.com/Hisashi_dn/status/1942766404845076988,380,4,7,0,0,0,0,0,3,0,0,0,0
1942736709592178870,"Wed, Jul 9, 2025",「クリエイターは、夜型だ」。そんな幻想は、捨てた方がいいかもしれません。朝の、誰にも邪魔されない数時間は、創造性を発揮するためのゴールデンタイム。早起きは、ライバルに差をつける、最も簡単な自己投資です。,https://x.com/Hisashi_dn/status/1942736709592178870,460,4,8,0,0,0,0,0,4,0,0,0,0
1942720602936418349,"Tue, Jul 8, 2025",「三流は自分の経験から学び、二流は他人の経験から学び、一流は歴史から学ぶ」。デザインも同じ。目先のトレンドだけでなく、バウハウスやスイス・スタイルなど、デザインの歴史を知ることで、あなたの仕事には、揺るぎない「文脈」が生まれます。,https://x.com/Hisashi_dn/status/1942720602936418349,312,2,2,1,0,0,0,0,0,0,0,0,0
1942706007060398519,"Tue, Jul 8, 2025",「このフォント、なんか良い」。その「なんか」で終わらせず、言語化してみる。「上品だけど、親しみやすさもある」「伝統的だけど、古臭くない」。言葉にすることで、感覚は初めて「自分のスキル」としてストックされます。,https://x.com/Hisashi_dn/status/1942706007060398519,507,8,10,0,0,0,0,0,2,0,0,0,0
1942524812943089879,"Tue, Jul 8, 2025",「燃え尽き症候群（バーンアウト）」の最大の原因は、走り続けることではなく「成長実感の喪失」にあると僕は思います。だから、どんなに忙しくても、自分の成長を振り返り、確認する時間を持つ。小さな「できた！」が、心を燃え尽きから守ります。,https://x.com/Hisashi_dn/status/1942524812943089879,412,6,6,0,0,0,0,0,0,0,0,0,0
1942510468196646929,"Tue, Jul 8, 2025",「自分は、何屋さんなんだろう？」フリーランスとして活動していると、時々分からなくなりますよね。そんな時は、これまで「ありがとう」と言われた場面を思い出してみてください。そこに、あなたの提供すべき「価値」のヒントが隠されています。,https://x.com/Hisashi_dn/status/1942510468196646929,659,9,11,1,0,0,0,0,1,1,0,0,0
1942495620117262581,"Tue, Jul 8, 2025",オンライン会議で、相手の心を掴む最初の30秒の使い方。それは、笑顔で挨拶した後「本日は〇〇の件、貴重なお時間をいただきありがとうございます」と、まず相手の時間への敬意を示すこと。この一言で、場の空気が和らぎ、あなたへの信頼度が少し上がります。,https://x.com/Hisashi_dn/status/1942495620117262581,489,10,13,2,0,0,1,0,2,0,0,0,0
1942433964280467678,"Tue, Jul 8, 2025",「好き」を仕事にすると、好きじゃなくなる時が来る。これは、多くの人が通る道。でも、それを乗り越えた先には「好き」と「プロとしての責任」が融合した、もっと強くて、深い「好き」が待っています。だから、今の苦しさも、プロセスの一つ。,https://x.com/Hisashi_dn/status/1942433964280467678,495,15,17,0,0,0,0,0,1,1,0,0,0
1942420869617533383,"Tue, Jul 8, 2025",@Atelier_Choco3 受け取りありがとうございます！ 下記リンクから予約できます↓↓ https://t.co/Y2xxrpnjWW https://t.co/AQx3CmEzs7,https://x.com/Hisashi_dn/status/1942420869617533383,15,0,1,0,0,0,0,0,0,0,1,0,0
1942420122699981253,"Tue, Jul 8, 2025",「デザインの神様は、細部に宿る」と言いますが、初心者のうちは「全体の骨格」に集中しましょう。美しいディテールも、土台がグラグラでは意味がない。まずは、力強い情報設計とレイアウト。細部へのこだわりは、その後で大丈夫。,https://x.com/Hisashi_dn/status/1942420122699981253,313,2,3,0,0,0,0,0,1,0,0,0,0
1942403765081968699,"Tue, Jul 8, 2025",クライアントに何かを提案する時、僕は「もし却下されたら、次の案は何を出すか」まで考えておきます。一つ目の案は、本命であると同時に、相手の反応を見るための「観測気球」。二手、三手先を読む。それが、交渉を有利に進めるコツです。,https://x.com/Hisashi_dn/status/1942403765081968699,325,6,7,0,0,0,0,0,0,1,0,0,0
1942398824762466587,"Tue, Jul 8, 2025",@masa_papa_free 受け取りありがとうございます！ 下記リンクから予約できます↓↓ https://t.co/Y2xxrpnjWW https://t.co/LfFqvi3Fgj,https://x.com/Hisashi_dn/status/1942398824762466587,6,0,0,0,0,0,0,0,0,0,0,0,0
1942375327545573603,"Tue, Jul 8, 2025",「休むのが怖い」というフリーランス、多いですよね。でも、本当に怖いのは、休まずに走り続けて、パフォーマンスが落ちること。意図的に休む「戦略的休息」は、未来の大きな成果を生むための、賢い投資なんです。,https://x.com/Hisashi_dn/status/1942375327545573603,418,7,9,0,0,0,0,0,2,0,0,0,0
1942358970380767714,"Mon, Jul 7, 2025",スーパーの棚の配置って、実は優れた情報設計の宝庫。「つい買ってしまう」のには、理由があるんです。視線の動き、関連商品の配置、POPの文言。日常のあらゆるものが、デザインの教科書に見えてきたら、あなたはもうプロの目を持っています。,https://x.com/Hisashi_dn/status/1942358970380767714,405,4,4,0,0,0,0,0,0,0,0,0,0
1942343115685183497,"Mon, Jul 7, 2025",「なぜ、あなたは作るのですか？」お金のため、自己実現のため、誰かを助けるため。答えは一つじゃなくていい。でも、この「WHY」が、あなたの作るものに、他にはない「魂」を吹き込む。時々、自分の原点に立ち返ってみませんか。,https://x.com/Hisashi_dn/status/1942343115685183497,271,2,3,0,0,0,0,0,0,1,0,0,0
1942215600509792598,"Mon, Jul 7, 2025",@masatotryac 受け取りありがとうございます！ 下記リンクから予約できます↓↓ https://t.co/Y2xxrpnjWW https://t.co/qEDNoDCs3Y,https://x.com/Hisashi_dn/status/1942215600509792598,0,0,0,0,0,0,0,0,0,0,0,0,0
1942163934993351012,"Mon, Jul 7, 2025",英語が苦手でも、海外の優れたデザインサイトは、毎日5分でも見る習慣を。言葉は分からなくても、レイアウトや配色から、世界のトレンドを感じ取れます。その積み重ねが、あなたのデザインの引き出しを、確実に増やしてくれます。,https://x.com/Hisashi_dn/status/1942163934993351012,600,8,10,0,0,0,1,0,1,0,0,0,0
1942148080154853524,"Mon, Jul 7, 2025",「またお願いします」とクライアントに言ってもらう秘訣。それは、納品時に「これで終わりです」ではなく「このデザインを、こう活用すればもっと良くなりますよ」と、次の展開をイメージさせてあげること。相手の未来に、そっと寄り添う姿勢です。,https://x.com/Hisashi_dn/status/1942148080154853524,456,8,8,2,0,0,0,0,0,0,0,0,0
1942133483935015258,"Mon, Jul 7, 2025",「自分には価値がない」と感じてしまったら、一度、お金をもらわずに誰かのためにデザインしてみてください。「ありがとう、すごく助かった！」。その一言が、あなたの価値を、あなた自身に教えてくれます。,https://x.com/Hisashi_dn/status/1942133483935015258,627,16,17,1,0,0,0,0,1,0,0,0,0
1942071576133812723,"Mon, Jul 7, 2025",フリーランスにとって、自分のWebサイトは「24時間働く営業マン」。ちゃんと育てていますか？ブログを更新したり、実績を追加したり。手をかければかけるほど、優秀な営業マンになって、あなたを助けてくれます。,https://x.com/Hisashi_dn/status/1942071576133812723,714,11,20,0,0,0,0,0,6,3,0,0,0
1942057232079986787,"Mon, Jul 7, 2025",デザイン学習で、インプットとアウトプットの黄金比は「3：7」だと僕は思います。知識を3割インプットしたら、7割は手を動かして何かを作る。知識は、使って初めて、本当の意味で自分のものになりますからね。,https://x.com/Hisashi_dn/status/1942057232079986787,372,5,5,0,0,0,0,0,0,0,0,0,0
1942041628874870959,"Mon, Jul 7, 2025",「あの人だから、仕事が来るんだ」。そう思う気持ち、分かります。でも、その「あの人」も、最初はあなたと同じ、名もない初心者だったはず。特別な人なんていない。特別な努力と継続が、人を特別にするだけです。,https://x.com/Hisashi_dn/status/1942041628874870959,483,8,11,0,0,0,0,0,3,0,0,0,0
1942012939571237212,"Mon, Jul 7, 2025",フリーランスは、孤独な闘い。だからこそ「自分を応援してくれる人」を大切にしましょう。それは、家族かもしれないし、友人や先輩かもしれない。たった一人でも、自分の味方がいると思えるだけで、人は驚くほど強くなれます。,https://x.com/Hisashi_dn/status/1942012939571237212,334,4,4,0,0,0,0,0,0,0,0,0,0
1941996330550768045,"Sun, Jul 6, 2025",自分のデザインを、声に出して説明する「セルフレビュー」、やったことありますか？「ここの余白は、情報を区切るために…」と話してみる。すると、論理が通っていない部分が、自分でもよく分かる。めちゃくちゃ効果的なので、ぜひ。,https://x.com/Hisashi_dn/status/1941996330550768045,339,5,7,0,0,0,0,0,0,2,0,0,0
1941980727781769339,"Sun, Jul 6, 2025",「良いクライアント」って、どうやって見極めるか。僕の基準はシンプルで「こちらの提案に、真剣に耳を傾けてくれるか」です。最初から否定したり、自分の意見だけを押し通そうとしたりする人とは、良い仕事はできないと経験上思います。,https://x.com/Hisashi_dn/status/1941980727781769339,405,7,7,0,0,0,0,0,0,0,0,0,0
1941842368833130588,"Sun, Jul 6, 2025",@milin_eyes 受け取りありがとうございます！ 下記リンクから予約できます↓↓ https://t.co/Y2xxrpnjWW https://t.co/l2MxUsvidO,https://x.com/Hisashi_dn/status/1941842368833130588,4,1,1,0,0,0,0,0,0,0,0,0,0
1941799533798711554,"Sun, Jul 6, 2025",「成長実感がない…」と感じる時は、半年前の自分の作品を見てみてください。きっと「うわ、なんでこんなデザイン作ったんだ…」って思うはず。それは、紛れもなく、あなたが成長している証拠です。,https://x.com/Hisashi_dn/status/1941799533798711554,364,3,4,0,0,0,0,0,1,0,0,0,0
1941785692469690573,"Sun, Jul 6, 2025",請求書を送る時、ただ送るだけでなく「今月もありがとうございました。〇〇の件、大変勉強になりました。またお力になれることがあれば、いつでもお声がけください！」と一言添える。この小さな心遣いが、次の仕事に繋がります。,https://x.com/Hisashi_dn/status/1941785692469690573,950,23,28,8,1,0,0,0,4,1,0,0,0
1941770844436676710,"Sun, Jul 6, 2025",自分の「好き」という感覚を、信じてあげてください。論理や理屈も大事だけど、最後の一押しは、自分の心が「美しい」と感じるかどうか。その直感を磨き続けることが、あなただけの武器になります。,https://x.com/Hisashi_dn/status/1941770844436676710,446,9,9,0,0,0,0,0,0,0,0,0,0
1941710949720764879,"Sun, Jul 6, 2025",「何者かにならなければ」と、焦る気持ち、すごく分かります。でも、焦って身につけたメッキは、すぐ剥がれる。今は、土の中に深く、広く、根を張る時期。じっくり、自分のペースでいきましょう。,https://x.com/Hisashi_dn/status/1941710949720764879,475,8,11,0,0,0,0,0,3,0,0,0,0
1941694089251959238,"Sun, Jul 6, 2025",もし、あなたが作ったもので、誰か一人が「これ、すごく分かりやすい！」と喜んでくれたなら。それは、とてつもなく価値のあることです。世界を変えるような派手なことじゃなくていい。目の前の人の「不」を解消する。それが、僕らの仕事の本質。,https://x.com/Hisashi_dn/status/1941694089251959238,582,7,12,0,0,0,0,1,3,1,0,0,0
1941679995908206802,"Sun, Jul 6, 2025",フリーランスは、自分で自分の機嫌をとるプロであるべき。好きな音楽、お気に入りのコーヒー、集中できる場所。自分のパフォーマンスが最大になる「儀式」を知っておく。これも、自己管理の重要なスキルです。,https://x.com/Hisashi_dn/status/1941679995908206802,511,10,12,0,0,0,0,0,2,0,0,0,0
1941648538829517162,"Sun, Jul 6, 2025",「私、デザイナーなんです」と、胸を張って言えますか？最初は、なんだか気恥ずかしいかもしれません。でも、言葉にすることで、意識は変わります。まず、自分で自分を「デザイナー」だと認めてあげることから、全ては始まります。,https://x.com/Hisashi_dn/status/1941648538829517162,650,23,26,0,0,0,0,0,3,0,0,0,0
1941634194263711984,"Sat, Jul 5, 2025",デザインは「引き算」がとても大事。初心者は、つい要素を足して、飾り立てたくなります。でも、本当に伝えたいことだけを残し、あとは勇気を持って削ぎ落とす。その静寂な美しさに、人は惹きつけられます。,https://x.com/Hisashi_dn/status/1941634194263711984,347,3,3,0,0,0,0,0,0,0,0,0,0
1941618843509518493,"Sat, Jul 5, 2025",「失敗したくない」という気持ちが、あなたの挑戦を妨げていませんか？でも、初心者のうちの失敗なんて、かすり傷みたいなもの。大丈夫。その傷の分だけ、あなたは確実に強くなれる。恐れず、バットを振っていきましょう。,https://x.com/Hisashi_dn/status/1941618843509518493,414,7,8,0,0,0,0,0,1,0,0,0,0
1941467818622583088,"Sat, Jul 5, 2025",@kiki_free001 受け取りありがとうございます！ 下記リンクから予約できます↓↓ https://t.co/Y2xxrpnjWW https://t.co/m2Zd7tdJBL,https://x.com/Hisashi_dn/status/1941467818622583088,11,0,1,0,0,0,0,0,1,0,0,0,0
1941438404228677837,"Sat, Jul 5, 2025",「いつか、独立したい」。その「いつか」は、待っていても来ません。「半年後に独立するために、今月は実績を3つ作る」というように、具体的な目標と期限を決める。その瞬間、「夢」は「計画」に変わります。,https://x.com/Hisashi_dn/status/1941438404228677837,640,10,12,0,0,0,0,0,1,1,0,0,0
1941422047684686263,"Sat, Jul 5, 2025",クライアントに言われた通りに作るだけなら、AIでもできます。あなたの価値は、相手の言葉の裏にある「本当の願い」を汲み取り、想像を超える提案ができること。僕らは「心」を動かす仕事をしているんだって、忘れないでいたいですね。,https://x.com/Hisashi_dn/status/1941422047684686263,471,6,7,1,0,0,0,0,0,1,0,0,0
1941407450357502243,"Sat, Jul 5, 2025",「クライアントが、修正指示ばかりで何も決めてくれない…」。そんな時は、あなたが主導権を握るチャンス。「A案とB案、それぞれメリット・デメリットはこうです。今回は目的を考えるとA案が最適ですが、いかがでしょう？」と、導いてあげる。それも専門家の役目です。,https://x.com/Hisashi_dn/status/1941407450357502243,931,18,24,2,1,0,0,0,6,0,0,0,0
1941347052094619705,"Sat, Jul 5, 2025",「フリーランスは、人脈が全てだ」。これは半分本当で、半分嘘。名刺の数だけあっても意味はありません。本当に大切なのは「この人のためなら、一肌脱ぎたい」と思える人が、数人でもいること。量より、深さです。,https://x.com/Hisashi_dn/status/1941347052094619705,568,11,12,0,0,0,0,1,0,0,0,0,0
1941331701478617353,"Sat, Jul 5, 2025",値上げ交渉を切り出す、魔法の言葉。「次回のご依頼から、〇〇といった価値提供も加え、新価格とさせていただきたいのですが、いかがでしょうか？」。ただ値上げを伝えるのではなく、提供価値の向上とセットで提案する。これがプロのやり方です。,https://x.com/Hisashi_dn/status/1941331701478617353,472,5,5,2,0,0,0,0,0,0,0,0,0
1941317104927695247,"Sat, Jul 5, 2025",自分の作ったデザインに、100%満足することなんて、多分一生ありません。それでいいんです。常に「もっと良くできたはずだ」と思うから、次も頑張れる。その渇望感が、あなたをクリエイターにし続ける原動力です。,https://x.com/Hisashi_dn/status/1941317104927695247,543,11,12,0,0,0,0,0,1,0,0,0,0
1941288415695089858,"Sat, Jul 5, 2025",フリーランスにとって、一番の営業ツールは「人柄」かもしれません。スキルが同じくらいなら、人は「感じの良い人」「応援したい人」に仕事を頼みたくなる。丁寧な言葉遣いや、感謝の気持ち。そういう、人としての基本が、巡り巡ってあなたを助けます。,https://x.com/Hisashi_dn/status/1941288415695089858,402,7,8,0,0,0,0,0,1,0,0,0,0
1941271806574473594,"Fri, Jul 4, 2025",「デザイン原則」って、なんだか堅苦しく感じますか？例えるなら、美味しい料理の「レシピ」みたいなもの。最初はレシピ通りに作るのが一番。慣れてきたら、自分なりにスパイスを加えてアレンジする。基本の型が、あなたを自由にしてくれます。,https://x.com/Hisashi_dn/status/1941271806574473594,362,2,2,0,0,0,0,0,0,0,0,0,0
1941257461710918060,"Fri, Jul 4, 2025",「良い質問」ができる人は、成長が速い。僕が教えている子にも「答えを聞くのではなく、自分の考えの検証をしにきて」と伝えています。「私はこう考えたのですが、この視点に抜け漏れはありますか？」という問い。これができると、一気にプロの顔つきになります。,https://x.com/Hisashi_dn/status/1941257461710918060,370,4,4,1,0,0,0,0,0,0,0,0,0
1941236878444986770,"Fri, Jul 4, 2025",@TiffanyMil14338 受け取りありがとうございます！ 下記リンクから予約できます↓↓ https://t.co/Y2xxrpnjWW https://t.co/HpExzXjo0G,https://x.com/Hisashi_dn/status/1941236878444986770,0,0,0,0,0,0,0,0,0,0,0,0,0
1941074758310736004,"Fri, Jul 4, 2025",「この案件が終わったら、休もう」。そう思って、走り続けていませんか？でも、フリーランスの仕事に「終わり」はありません。だから、意識的に「何もしない日」をスケジュールに組み込む。休む計画も、仕事計画のうちです。,https://x.com/Hisashi_dn/status/1941074758310736004,616,9,10,0,0,0,0,0,1,0,0,0,0
1941061168442867906,"Fri, Jul 4, 2025",「稼げるスキル」を追いかけるのも大事。でも、それと同じくらい「自分が心から楽しいと思えること」を追求するのも大事です。楽しんでやっている人の熱量には、誰も敵いません。その熱が、人を惹きつけ、結果的に仕事に繋がったりするものです。,https://x.com/Hisashi_dn/status/1941061168442867906,635,11,13,0,0,0,0,0,2,0,0,0,0
1941057836332851643,"Fri, Jul 4, 2025",@gl53485 いいねありがとうございます！ いいねした方限定で、コピペで使える配色データ配ってるので、もしよかったら！ ▼こちらから https://t.co/yA9RE590It https://t.co/trPAxpQPWF,https://x.com/Hisashi_dn/status/1941057836332851643,2,0,1,0,0,0,0,0,1,0,0,0,0
1940985167801098457,"Fri, Jul 4, 2025",SNSでキラキラしている同業者を見て、焦る気持ち、わかります。でも、見えているのは、その人の人生のハイライト動画だけ。その裏には、地味で泥臭い努力が必ずあります。他人のハイライトと、自分の日常を比べる必要はありません。,https://x.com/Hisashi_dn/status/1940985167801098457,493,6,7,0,0,0,0,0,1,0,0,0,0
1940971074507976953,"Fri, Jul 4, 2025",もし、あなたが自分の時給を計算してみて、コンビニのアルバイトより安かったら。それは、働き方を根本的に見直すべきサインです。安売りは、自分の未来の時間を切り売りしているのと同じ。もっと、自分を大切にしていいんですよ。,https://x.com/Hisashi_dn/status/1940971074507976953,512,8,8,0,0,0,0,0,0,0,0,0,0
1940953962150350952,"Fri, Jul 4, 2025",クライアントに「ありがとう」と言われるのは、もちろん嬉しい。でも、その先の「あなたのデザインのおかげで、売上が上がったよ」を引き出せていますか？ビジネスに貢献してこそのプロ。その視点を持つだけで、仕事の質は変わります。,https://x.com/Hisashi_dn/status/1940953962150350952,674,11,16,1,0,0,0,0,4,1,0,0,0
1940931589061726369,"Fri, Jul 4, 2025",@shangweiyu23859 いいねありがとうございます！ いいねした方限定で、コピペで使える配色データ配ってるので、もしよかったら！ ▼こちらから https://t.co/yA9RE590It https://t.co/YQRELMCfaq,https://x.com/Hisashi_dn/status/1940931589061726369,0,0,0,0,0,0,0,0,0,0,0,0,0
1940925776066679118,"Fri, Jul 4, 2025",「このデザイン、なんか好き」。その「なんか」の正体を、言葉にできますか？心地よいリズム感、絶妙な余白、ストーリーを感じる配色…。感覚を言語化する訓練が、あなたを「ただの作業者」から「デザイナー」へと進化させてくれます。,https://x.com/Hisashi_dn/status/1940925776066679118,533,8,11,1,0,0,0,0,3,0,0,0,0
1940909921886728436,"Thu, Jul 3, 2025",ポートフォリオ作りは、RPGで最初の村を出る時の「装備」を整えるようなもの。いきなり伝説の剣は手に入らない。まずは「ひのきのぼう」でいいんです。架空のデザインでもいいから、何か一つ「武器」を持って、冒険に出ることが何より大切。,https://x.com/Hisashi_dn/status/1940909921886728436,510,7,7,0,0,0,0,0,0,0,0,0,0
1940893564357202406,"Thu, Jul 3, 2025",デザイン学習は、筋トレによく似ています。最初は筋肉痛になるし、効果もすぐには見えない。でも、辞めずに続けていると、ある日ふと「あれ、前より重いものが持てるぞ？」と気づく。その瞬間が必ず来ます。だから、今日のスクワット（模写）も頑張りましょう。,https://x.com/Hisashi_dn/status/1940893564357202406,518,6,7,1,0,0,0,0,1,0,0,0,0
1940714383321321903,"Thu, Jul 3, 2025",クラウドソーシングで「評価」を下げられると、すごく落ち込みますよね。でも、それはあなたの人格が否定されたわけじゃない。今回の仕事の、ある一部分が、相手の期待と違っただけ。切り離して考え、次に活かせば大丈夫。 事実と感情を切り分けられるようになりましょう。,https://x.com/Hisashi_dn/status/1940714383321321903,669,9,14,0,0,0,0,0,3,2,0,0,0
1940697271345336355,"Thu, Jul 3, 2025",面倒な作業は5分タイマーかけてやってみて。 「作業興奮」と言って、やる気が出なくても、 とりあえず5分だけ始めてみると、脳が活性化して、だんだん集中できるようになる。モチベーションは、案外行動することで生まれるんです。,https://x.com/Hisashi_dn/status/1940697271345336355,646,14,14,2,0,0,0,0,0,0,0,0,0
1940622529665946071,"Thu, Jul 3, 2025",「自分の好きなこと」と「世の中から求められること」。この２つの円が重なる部分に、あなたのユニークな価値が眠っています。その重なりを見つける旅が、キャリアを築くということなのかもしれません。,https://x.com/Hisashi_dn/status/1940622529665946071,539,6,10,0,0,0,0,0,4,0,0,0,0
1940608184470630698,"Thu, Jul 3, 2025",デザインする時、一番やってはいけないのは、独りよがりなデザイン。誰もが見て、一瞬で意味がわかるか。その「共通認識」を探るのが、デザイナーの仕事。まずは、優れたデザインを、たくさん観察してみましょう。,https://x.com/Hisashi_dn/status/1940608184470630698,973,10,10,1,0,0,0,0,0,0,0,0,0
1940574643934712313,"Thu, Jul 3, 2025",@Jhlnl115834 受け取りありがとうございます！ 下記リンクから予約できます↓↓ https://t.co/Y2xxrpnjWW https://t.co/enCjas5wpr,https://x.com/Hisashi_dn/status/1940574643934712313,0,0,0,0,0,0,0,0,0,0,0,0,0
1940561880616943693,"Thu, Jul 3, 2025",「何者か」になろうとしなくて、大丈夫。まずは、目の前の「一人の人」を、自分のデザインで幸せにすること。その小さな成功体験の積み重ねが、気づけば、あなたを「何者か」にしているはずです,https://x.com/Hisashi_dn/status/1940561880616943693,481,8,10,0,0,0,0,0,2,0,0,0,0
1940547283579216240,"Wed, Jul 2, 2025",デザイン4原則の中でも、僕が特に重要だと思うのは「整列」。要素が、目に見えない線で、きちんと揃えられているか。これだけで、デザインの素人っぽさは、劇的に解消されます。,https://x.com/Hisashi_dn/status/1940547283579216240,879,19,27,2,0,0,0,0,4,4,0,0,0
1940531176973758564,"Wed, Jul 2, 2025",フリーランスになったら、会社員時代の「常識」は、一度疑ってみる。9時〜18時で働く必要も、毎日スーツを着る必要もない。自分が最もパフォーマンスを発揮できるスタイルを、自分で発明していく。その自由が、フリーランスの醍醐味です。,https://x.com/Hisashi_dn/status/1940531176973758564,510,8,15,0,0,0,0,0,5,2,0,0,0
1940433278038937916,"Wed, Jul 2, 2025",@12y_w21 いいねありがとうございます！ いいねした方限定で、コピペで使える配色データ配ってるので、もしよかったら！ ▼こちらから https://t.co/yA9RE590It https://t.co/97STPzmKvo,https://x.com/Hisashi_dn/status/1940433278038937916,10,0,2,0,0,0,0,0,0,0,1,0,0
1940351240556388450,"Wed, Jul 2, 2025",フリーランスは、自分で自分を褒めることが、すごく大事。案件を一つ納品した、新しいスキルを一つ覚えた。どんな小さなことでもいい。自分で自分の頑張りを認めてあげないと、心が折れてしまいますからね。,https://x.com/Hisashi_dn/status/1940351240556388450,479,10,12,0,0,0,0,0,1,1,0,0,0
1940335135083139499,"Wed, Jul 2, 2025",デザインの勉強を始めると、つい「正解」を探してしまいがち。でも、デザインに唯一の正解はありません。大切なのは「自分なりの最適解」を、論理的に説明できること。あなたの思考そのものが、価値になるんです。,https://x.com/Hisashi_dn/status/1940335135083139499,403,10,10,0,0,0,0,0,0,0,0,0,0
1940322607565611507,"Wed, Jul 2, 2025",@omiyasan_saga 受け取りありがとうございます！ データが重いのでGoogle Driveで↓ https://t.co/lfWGwW25Xf https://t.co/2BEDunIoet,https://x.com/Hisashi_dn/status/1940322607565611507,0,0,0,0,0,0,0,0,0,0,0,0,0
1940320538418872727,"Wed, Jul 2, 2025",「自分のデザイン、好きですか？」この問いに、胸を張って「はい」と答えられるか。自分が愛せないものを、他人が愛してくれるはずがありません。まずは、自分が自分の作品の、一番のファンになってあげましょう。,https://x.com/Hisashi_dn/status/1940320538418872727,410,7,11,0,0,0,0,0,1,3,0,0,0
1940259385189748870,"Wed, Jul 2, 2025",「忙しい」自慢をする人には、ならないようにしたいですね。プロフェッショナルは、常にスマート。大変さを見せるのではなく、涼しい顔で、質の高いアウトプットを出す。それが、僕の思うカッコいい仕事です。,https://x.com/Hisashi_dn/status/1940259385189748870,611,10,14,1,0,0,0,1,2,1,0,0,0
1940244537861185984,"Wed, Jul 2, 2025",自分の作ったデザイン、日を置いて見てください。 全体のバランス、情報の強弱が、客観的に見えてきませんか？細部にとらわれすぎた時に、ぜひ試してほしいテクニックです。,https://x.com/Hisashi_dn/status/1940244537861185984,444,9,10,0,0,0,0,0,1,0,0,0,0
1940230193219870864,"Wed, Jul 2, 2025",「憧れの人」を、一人見つけてみてください。その人の作品、発信、キャリア。徹底的に研究し、真似てみる。明確な目標があると、日々の努力の方向性が定まり、迷いが少なくなります。,https://x.com/Hisashi_dn/status/1940230193219870864,486,9,14,2,0,0,0,0,3,2,0,0,0
1940200748522119682,"Wed, Jul 2, 2025",「稼ぐ」ことが、目的になっていませんか？お金は、あくまで価値提供の「結果」です。どうすれば、もっと人の役に立てるか、喜んでもらえるか。その「GIVE」の精神を忘れなければ、お金は後からついてくる、と僕は信じています。,https://x.com/Hisashi_dn/status/1940200748522119682,428,8,9,1,0,0,0,0,1,0,0,0,0
1940184643451396374,"Tue, Jul 1, 2025",もし、誰かに「あなたの仕事って、何？」と聞かれたら。「Webサイトを作ってます」ではなく「Webサイトを通じて、クライアントのビジネスを成功させるお手伝いをしています」。そう答えるだけで、あなたの価値の伝わり方は変わります。,https://x.com/Hisashi_dn/status/1940184643451396374,842,18,22,3,0,0,0,1,1,2,0,0,0
1940169040099717610,"Tue, Jul 1, 2025",デザインスキルを学ぶことは、外国語を学ぶことに似ています。最初は単語や文法を覚える地道な作業。でも、それを乗り越えれば、今まで見えなかった、全く新しい世界が広がり、たくさんの人とコミュニケーションできるようになるんです。,https://x.com/Hisashi_dn/status/1940169040099717610,528,8,9,0,0,0,0,0,1,0,0,0,0
1940090506459148517,"Tue, Jul 1, 2025",@natumi73na 受け取りありがとうございます！ データが重いのでGoogle Driveで↓ https://t.co/lfWGwW25Xf https://t.co/IfpePrJyAi,https://x.com/Hisashi_dn/status/1940090506459148517,0,0,0,0,0,0,0,0,0,0,0,0,0
1939988852514660646,"Tue, Jul 1, 2025",”仕事は環境が9割”って思いません？ フリーランスは孤独を感じることもあるし、家で集中できないなんてこともあるはず。 そんな時はカフェで仕事をするのも一つの手。 周りに人がいる、というだけで、少し気分が変わります。環境を味方につける工夫も、大切です。,https://x.com/Hisashi_dn/status/1939988852514660646,388,2,4,0,0,0,0,0,0,2,0,0,0
1939973250026729863,"Tue, Jul 1, 2025",過去の栄光にすがるのはもう終わりにしよう。 「とりあえず、やってみる」。この精神は、初心者の頃、特に大事ってよく言われると思うけど、少し仕事に慣れてきたら、保守に走ってません？ 失敗を恐れて、行動しないのが一番の失敗。 やってみて、ダメだったら、やり直せばいい。 何度だって。,https://x.com/Hisashi_dn/status/1939973250026729863,752,10,15,0,0,0,0,0,4,1,0,0,0
1939898507042631860,"Tue, Jul 1, 2025",「継続は力なり」の真意は”当たり前になっているか” これを軸にデザインの学習をしてほしい。 そもそもだけど継続できない人が多い中、継続しているだけで有利になる。毎日30分でもいい。トレースでも考察でもとにかくデザインに触れる時間を習慣にする。 歯磨きと同じレベルで、当たり前に。,https://x.com/Hisashi_dn/status/1939898507042631860,485,6,9,1,0,0,0,0,1,2,0,0,0
1939881647911891177,"Tue, Jul 1, 2025",クライアントワークの真髄は ”細かなところまで気を配れるか” たとえばクライアントへのメール、CCに誰を入れるか、BCCとどう使い分けるか。こういうビジネスマナーの基本も、意外と大事。迷ったら、まず調べる。 基本的なことかもしれないけど、小さな配慮の積み重ねが、大きな信頼に繋がります。,https://x.com/Hisashi_dn/status/1939881647911891177,542,7,9,0,0,0,0,0,2,0,0,0,0
1939705274513956962,"Mon, Jun 30, 2025",@haruna_dobashi 受け取りありがとうございます！ 下記リンクから予約できます↓↓ https://t.co/Y2xxrpnjWW https://t.co/zMkP2F3wE6,https://x.com/Hisashi_dn/status/1939705274513956962,1,0,0,0,0,0,0,0,0,0,0,0,0
1939666594097226166,"Mon, Jun 30, 2025",@nanae_06 いいねありがとうございます！ いいねした方限定で、コピペで使える配色データ配ってるので、もしよかったら！ ▼こちらから https://t.co/yA9RE590It https://t.co/WVFQVu39pk,https://x.com/Hisashi_dn/status/1939666594097226166,0,0,0,0,0,0,0,0,0,0,0,0,0
1939625961949118634,"Mon, Jun 30, 2025",良いインプットは、良いアウトプットに繋がります。でも、インプットばかりで、手が動かない「インプットデブ」になっていませんか？知識を一つ入れたら、何か一つ小さな作品を作る。このサイクルを意識してみてください。,https://x.com/Hisashi_dn/status/1939625961949118634,587,7,8,0,0,0,0,0,1,0,0,0,0
1939619956863479958,"Mon, Jun 30, 2025",@matsukin02_sns 受け取りありがとうございます！ 下記リンクから予約できます↓↓ https://t.co/Y2xxrpnjWW https://t.co/bBySbQVExB,https://x.com/Hisashi_dn/status/1939619956863479958,0,0,0,0,0,0,0,0,0,0,0,0,0
1939612372009877572,"Mon, Jun 30, 2025",「あの人、すごいな」。そう感じたら、その人のアウトプットだけでなく「プロセス」を想像してみてください。どんな努力をして、どんな失敗を乗り越えて、そこにたどり着いたんだろう、と。見え方が、少し変わってくるはずです。,https://x.com/Hisashi_dn/status/1939612372009877572,610,10,11,0,0,0,0,0,1,0,0,0,0
1939596265656144353,"Mon, Jun 30, 2025",ポートフォリオを見せる時、完成品だけをポンと見せるのはもったいない。「どんな課題があって」「どういう意図でこうデザインしたか」を、一言添える。その背景ストーリーが、あなたのデザインに深みを与えます。,https://x.com/Hisashi_dn/status/1939596265656144353,527,8,13,2,0,0,0,0,1,4,0,0,0
1939536622594445595,"Mon, Jun 30, 2025",フリーランスは、体が資本。徹夜で頑張るのは、長い目で見たらマイナスです。眠い時は、15分だけ仮眠をとる。それだけで、午後の作業効率が劇的に変わります。自分を大切にすることも、仕事のうちです。,https://x.com/Hisashi_dn/status/1939536622594445595,470,4,7,0,0,0,0,0,1,2,0,0,0
1939519510303883747,"Mon, Jun 30, 2025",「分からないこと」を、恥ずかしがらないで。プロだって、分からないことはたくさんあります。大切なのは「分からないので、教えてください」と素直に言える勇気。知ったかぶりをする人より、ずっと早く成長できます。,https://x.com/Hisashi_dn/status/1939519510303883747,487,8,8,0,0,0,0,0,0,0,0,0,0
1939505668702318666,"Mon, Jun 30, 2025",配色に迷ったら、自然の中から色を借りてくるのがオススメ。夕焼けの空、深い森、美しい花。自然の配色は、常に調和が取れていて、私たちの目を心地よくさせてくれます。,https://x.com/Hisashi_dn/status/1939505668702318666,547,10,10,1,0,0,0,0,0,0,0,0,0
1939474715405648192,"Mon, Jun 30, 2025",「ありがとう」という言葉を、大切にしましょう。仕事をくれたクライアント、教えてくれた先輩、応援してくれる家族。感謝の気持ちを言葉にして伝える。そのポジティブなエネルギーが、良いご縁を運んできてくれる気がします。,https://x.com/Hisashi_dn/status/1939474715405648192,410,5,7,0,0,0,0,0,1,1,0,0,0
1939460119084814477,"Sun, Jun 29, 2025",クライアントとの打ち合わせ、何を話せばいいか不安ですよね。そんな時は「今回は、〇〇を決める時間にしたいです」と、自分で会議のゴールを決めてしまう。すると、話が脱線しにくくなり、あなたへの信頼も増しますよ。,https://x.com/Hisashi_dn/status/1939460119084814477,475,7,10,0,0,0,0,0,3,0,0,0,0
1939445522776965437,"Sun, Jun 29, 2025",「自分の強みって何だろう…」。そう思ったら、友人に「私の良いところって、どこだと思う？」と聞いてみてください。自分では当たり前だと思っていることが、他人から見れば、特別な才能だったりします。,https://x.com/Hisashi_dn/status/1939445522776965437,506,3,4,0,0,0,0,0,1,0,0,0,0
1939318348413915466,"Sun, Jun 29, 2025",@umi_94RD 受け取りありがとうございます！ データが重いのでGoogle Driveで↓ https://t.co/lfWGwW25Xf https://t.co/fwDb9D63qm,https://x.com/Hisashi_dn/status/1939318348413915466,4,1,1,0,0,0,0,0,0,0,0,0,0
1939264580619817167,"Sun, Jun 29, 2025",良いデザインは、まず「徹底的にパクる」ことから始まる、と僕は思います。もちろん、そのまま盗用するのはダメ。でも、優れたレイアウトや配色を、自分なりに分析し、再現してみる。この「守」のプロセスが、全ての基礎を作ります。,https://x.com/Hisashi_dn/status/1939264580619817167,573,8,11,2,0,0,0,0,3,0,0,0,0
1939254522842632208,"Sun, Jun 29, 2025",@ko_design_can いいねありがとうございます！ いいねした方限定で、コピペで使える配色データ配ってるので、もしよかったら！ ▼こちらから https://t.co/yA9RE590It https://t.co/pFXyiNRWIL,https://x.com/Hisashi_dn/status/1939254522842632208,1,0,0,0,0,0,0,0,0,0,0,0,0
1939248977591046346,"Sun, Jun 29, 2025",「実績」とは、有名企業の仕事のことだけではありません。「友人の結婚式の招待状を作って、すごく喜んでもらえた」。これも、あなたの価値を証明する、立派で、素敵な実績です。,https://x.com/Hisashi_dn/status/1939248977591046346,822,13,17,1,0,0,0,0,4,0,0,0,0
1939233878062792895,"Sun, Jun 29, 2025",フリーランスは、孤独になりがち。だから、意識的に「繋がり」を作ることが大切です。SNSで同じ目標を持つ人をフォローする、オンラインの勉強会に参加する。一人じゃない、と感じられるだけで、頑張れる力は湧いてきます。,https://x.com/Hisashi_dn/status/1939233878062792895,475,6,8,0,0,0,0,0,1,1,0,0,0
1939184236361363793,"Sun, Jun 29, 2025",@yui_yui_san555 受け取りありがとうございます！ 下記リンクから予約できます↓↓ https://t.co/Y2xxrpnjWW https://t.co/aWiK26Hn2x,https://x.com/Hisashi_dn/status/1939184236361363793,3,0,0,0,0,0,0,0,0,0,0,0,0
1939174234678505843,"Sun, Jun 29, 2025",「余白」を怖がらないでください。初心者は、つい要素を詰め込みがち。でも、情報と情報の間にある「余白」こそが、見やすさや高級感を生み出します。勇気を出して、スペースを贅沢に使ってみましょう。,https://x.com/Hisashi_dn/status/1939174234678505843,582,5,10,0,0,0,0,0,5,0,0,0,0
1939157625863565569,"Sun, Jun 29, 2025",周りのすごい人と比べて、落ち込む必要は全くありません。比べるべきは、常に「昨日の自分」。昨日より、ショートカットキーを一つ覚えた。昨日より、レイヤーの整理が綺麗にできた。その小さな成長を、自分で褒めてあげましょう。,https://x.com/Hisashi_dn/status/1939157625863565569,1259,22,31,0,0,0,1,1,5,2,0,0,0
1939142250812121505,"Sun, Jun 29, 2025",@puu_4s いいねありがとうございます！ いいねした方限定で、コピペで使える配色データ配ってるので、もしよかったら！ ▼こちらから https://t.co/yA9RE590It https://t.co/wgxRAfhP3A,https://x.com/Hisashi_dn/status/1939142250812121505,4,0,0,0,0,0,0,0,0,0,0,0,0
1939142022641918021,"Sun, Jun 29, 2025",「クライアントの言うことが絶対」ではありません。あなたは、ただの作業者ではなく、デザインの専門家。もし、相手の指示が最善でないと感じたら「〇〇という理由で、こちらの案はいかがでしょうか？」と、勇気を出して提案してみましょう。,https://x.com/Hisashi_dn/status/1939142022641918021,625,8,13,0,0,0,0,0,3,2,0,0,0
1939137072486588857,"Sun, Jun 29, 2025",@RinaU0110 いいねありがとうございます！ いいねした方限定で、コピペで使える配色データ配ってるので、もしよかったら！ ▼こちらから https://t.co/yA9RE590It https://t.co/bvCvjrlJzc,https://x.com/Hisashi_dn/status/1939137072486588857,0,0,0,0,0,0,0,0,0,0,0,0,0
1939133696742957563,"Sun, Jun 29, 2025",@kana__murasaki0 いいねありがとうございます！ いいねした方限定で、コピペで使える配色データ配ってるので、もしよかったら！ ▼こちらから https://t.co/yA9RE590It https://t.co/BUeeliHBwX,https://x.com/Hisashi_dn/status/1939133696742957563,24,0,2,0,0,0,0,0,1,0,1,0,0
1939112830617477220,"Sun, Jun 29, 2025",タイポグラフィの基本は、まず「使うフォントを絞る」こと。たくさん使うと、まとまりがなくなります。最初は、本文用と見出し用の2種類だけ。これだけで、デザインはぐっと洗練されて見えます,https://x.com/Hisashi_dn/status/1939112830617477220,529,3,4,0,0,0,0,0,1,0,0,0,0
1939102221238706435,"Sat, Jun 28, 2025",@0X_RING いいねありがとうございます！ いいねした方限定で、コピペで使える配色データ配ってるので、もしよかったら！ ▼こちらから https://t.co/yA9RE590It https://t.co/ejiGnZc0br,https://x.com/Hisashi_dn/status/1939102221238706435,38,1,2,0,0,0,0,0,0,0,1,0,0
1939098737806324006,"Sat, Jun 28, 2025",初めての案件で、値段を言うのって怖いですよね。「こんなにもらっていいのかな」って。最初は、自分の希望額の8割で決まれば大成功。大切なのは「自分の時間とスキルには価値がある」と、まず自分が認めてあげることです。,https://x.com/Hisashi_dn/status/1939098737806324006,778,16,23,1,0,0,0,0,3,4,0,0,0
1939095704527573096,"Sat, Jun 28, 2025",@0624_spring いいねありがとうございます！ いいねした方限定で、コピペで使える配色データ配ってるので、もしよかったら！ ▼こちらから https://t.co/yA9RE590It https://t.co/r4MMNRmq3Q,https://x.com/Hisashi_dn/status/1939095704527573096,0,0,0,0,0,0,0,0,0,0,0,0,0
1939091252018086369,"Sat, Jun 28, 2025",@suesstepby いいねありがとうございます！ いいねした方限定で、コピペで使える配色データ配ってるので、もしよかったら！ ▼こちらから https://t.co/yA9RE590It https://t.co/Ub3SoaEDND,https://x.com/Hisashi_dn/status/1939091252018086369,6,0,1,0,0,0,0,0,0,0,1,0,0
1939090817341366676,"Sat, Jun 28, 2025",@noka_movie いいねありがとうございます！ いいねした方限定で、コピペで使える配色データ配ってるので、もしよかったら！ ▼こちらから https://t.co/yA9RE590It https://t.co/vy4YbgCfIx,https://x.com/Hisashi_dn/status/1939090817341366676,8,1,1,0,0,0,0,0,0,0,0,0,0
1939087923154166183,"Sat, Jun 28, 2025",@0505Pi いいねありがとうございます！ いいねした方限定で、コピペで使える配色データ配ってるので、もしよかったら！ ▼こちらから https://t.co/yA9RE590It https://t.co/5OPAQ7eyFn,https://x.com/Hisashi_dn/status/1939087923154166183,2,0,0,0,0,0,0,0,0,0,0,0,0
1939083719152935062,"Sat, Jun 28, 2025",@apolloplus1208 いいねありがとうございます！ いいねした方限定で、コピペで使える配色データ配ってるので、もしよかったら！ ▼こちらから https://t.co/yA9RE590It https://t.co/9aXdeHF6Vj,https://x.com/Hisashi_dn/status/1939083719152935062,5,0,0,0,0,0,0,0,0,0,0,0,0
1939083678627537053,"Sat, Jun 28, 2025",@apolloplus1208 受け取りありがとうございます！ データが重いのでGoogle Driveで↓ https://t.co/lfWGwW25Xf https://t.co/bIeldNH870,https://x.com/Hisashi_dn/status/1939083678627537053,3,0,0,0,0,0,0,0,0,0,0,0,0
1939081625146437833,"Sat, Jun 28, 2025",自分の作ったデザイン、なんだかダサい…。そう感じるのは、あなたの「見る目」が育っている証拠です。理想と現実のギャップに苦しむのは、成長しているサイン。素晴らしいことなんですよ。,https://x.com/Hisashi_dn/status/1939081625146437833,578,13,16,0,0,0,1,0,2,0,0,0,0
1939078351106494637,"Sat, Jun 28, 2025",@nyaaaaaaamaneko いいねありがとうございます！ いいねした方限定で、コピペで使える配色データ配ってるので、もしよかったら！ ▼こちらから https://t.co/yA9RE590It https://t.co/nWTWS588J9,https://x.com/Hisashi_dn/status/1939078351106494637,2,0,0,0,0,0,0,0,0,0,0,0,0
1939077299892293994,"Sat, Jun 28, 2025",@SPOON_LOCO いいねありがとうございます！ いいねした方限定で、コピペで使える配色データ配ってるので、もしよかったら！ ▼こちらから https://t.co/yA9RE590It https://t.co/ZdMdQFrNpR,https://x.com/Hisashi_dn/status/1939077299892293994,0,0,0,0,0,0,0,0,0,0,0,0,0
1939061210269523985,"Sat, Jun 28, 2025",@hiro_fumifumi いいねありがとうございます！ いいねした方限定で、コピペで使える配色データ配ってるので、もしよかったら！ ▼こちらから https://t.co/yA9RE590It https://t.co/6fdeoDYSSV,https://x.com/Hisashi_dn/status/1939061210269523985,0,0,0,0,0,0,0,0,0,0,0,0,0
1939059585303883893,"Sat, Jun 28, 2025",@mikan06300927 いいねありがとうございます！ いいねした方限定で、コピペで使える配色データ配ってるので、もしよかったら！ ▼こちらから https://t.co/yA9RE590It https://t.co/QreFMhr5Wp,https://x.com/Hisashi_dn/status/1939059585303883893,2,0,0,0,0,0,0,0,0,0,0,0,0
1939054363101843690,"Sat, Jun 28, 2025",@katakori_hie いいねありがとうございます！ いいねした方限定で、コピペで使える配色データ配ってるので、もしよかったら！ ▼こちらから https://t.co/yA9RE590It https://t.co/h6sTjWPvwE,https://x.com/Hisashi_dn/status/1939054363101843690,2,0,0,0,0,0,0,0,0,0,0,0,0
1939039560555733416,"Sat, Jun 28, 2025",@taisei_design いいねありがとうございます！ いいねした方限定で、コピペで使える配色データ配ってるので、もしよかったら！ ▼こちらから https://t.co/yA9RE590It https://t.co/7S9TOlLcrG,https://x.com/Hisashi_dn/status/1939039560555733416,5,0,0,0,0,0,0,0,0,0,0,0,0
1939034942987739344,"Sat, Jun 28, 2025",@sugav7230 いいねありがとうございます！ いいねした方限定で、コピペで使える配色データ配ってるので、もしよかったら！ ▼こちらから https://t.co/yA9RE590It https://t.co/G5NoCemnqJ,https://x.com/Hisashi_dn/status/1939034942987739344,1,0,0,0,0,0,0,0,0,0,0,0,0
1939033544569016460,"Sat, Jun 28, 2025",@yururita39 いいねありがとうございます！ いいねした方限定で、コピペで使える配色データ配ってるので、もしよかったら！ ▼こちらから https://t.co/yA9RE590It https://t.co/2GC9Cvpgdc,https://x.com/Hisashi_dn/status/1939033544569016460,8,0,3,0,0,0,1,0,1,0,0,0,0
1939029952554586472,"Sat, Jun 28, 2025",@merumorusan いいねありがとうございます！ いいねした方限定で、コピペで使える配色データ配ってるので、もしよかったら！ ▼こちらから https://t.co/yA9RE590It https://t.co/BZdSr6Bwsc,https://x.com/Hisashi_dn/status/1939029952554586472,1,0,0,0,0,0,0,0,0,0,0,0,0
1939027734036128171,"Sat, Jun 28, 2025",@VO7mlxh2Jk8259 いいねありがとうございます！ いいねした方限定で、コピペで使える配色データ配ってるので、もしよかったら！ ▼こちらから https://t.co/yA9RE590It https://t.co/ExbEkHWJpd,https://x.com/Hisashi_dn/status/1939027734036128171,4,0,0,0,0,0,0,0,0,0,0,0,0
1939021002559889838,"Sat, Jun 28, 2025",@PH_phenolui いいねありがとうございます！ いいねした方限定で、コピペで使える配色データ配ってるので、もしよかったら！ ▼こちらから https://t.co/yA9RE590It https://t.co/cA2NJaFHdv,https://x.com/Hisashi_dn/status/1939021002559889838,0,0,0,0,0,0,0,0,0,0,0,0,0
1939014024685068624,"Sat, Jun 28, 2025",@tetesoso918 いいねありがとうございます！ いいねした方限定で、コピペで使える配色データ配ってるので、もしよかったら！ ▼こちらから https://t.co/yA9RE590It https://t.co/EaEu1jZ4RD,https://x.com/Hisashi_dn/status/1939014024685068624,3,0,0,0,0,0,0,0,0,0,0,0,0
1939012739424493935,"Sat, Jun 28, 2025",@mrn_game01 いいねありがとうございます！ いいねした方限定で、コピペで使える配色データ配ってるので、もしよかったら！ ▼こちらから https://t.co/yA9RE590It https://t.co/5Y9UBh7ToQ,https://x.com/Hisashi_dn/status/1939012739424493935,5,0,1,0,0,0,0,0,0,1,0,0,0
1939002640442232917,"Sat, Jun 28, 2025",@Mei_HakuRen いいねありがとうございます！ いいねした方限定で、コピペで使える配色データ配ってるので、もしよかったら！ ▼こちらから https://t.co/yA9RE590It https://t.co/Zliuqv1iDs,https://x.com/Hisashi_dn/status/1939002640442232917,0,0,0,0,0,0,0,0,0,0,0,0,0
1939001418876363268,"Sat, Jun 28, 2025",@riri5udayo いいねありがとうございます！ いいねした方限定で、コピペで使える配色データ配ってるので、もしよかったら！ ▼こちらから https://t.co/yA9RE590It https://t.co/kpuFvGpF1s,https://x.com/Hisashi_dn/status/1939001418876363268,9,1,5,0,0,0,0,0,1,0,3,0,0
1939001305168769313,"Sat, Jun 28, 2025",@G_OriCharagame いいねありがとうございます！ いいねした方限定で、コピペで使える配色データ配ってるので、もしよかったら！ ▼こちらから https://t.co/yA9RE590It https://t.co/1u0J9t6ORF,https://x.com/Hisashi_dn/status/1939001305168769313,14,0,0,0,0,0,0,0,0,0,0,0,0
1939000226582536328,"Sat, Jun 28, 2025",@surumesuru7 いいねありがとうございます！ いいねした方限定で、コピペで使える配色データ配ってるので、もしよかったら！ ▼こちらから https://t.co/yA9RE590It https://t.co/O9VScd1g3f,https://x.com/Hisashi_dn/status/1939000226582536328,2,0,0,0,0,0,0,0,0,0,0,0,0
1939000087990140940,"Sat, Jun 28, 2025",@_tulipop いいねありがとうございます！ いいねした方限定で、コピペで使える配色データ配ってるので、もしよかったら！ ▼こちらから https://t.co/yA9RE590It https://t.co/H10Ywuqgrc,https://x.com/Hisashi_dn/status/1939000087990140940,1,0,0,0,0,0,0,0,0,0,0,0,0
1938999159945863539,"Sat, Jun 28, 2025",@mike17nabe いいねありがとうございます！ いいねした方限定で、コピペで使える配色データ配ってるので、もしよかったら！ ▼こちらから https://t.co/yA9RE590It https://t.co/BZABvU6kta,https://x.com/Hisashi_dn/status/1938999159945863539,7,1,1,0,0,0,0,0,0,0,0,0,0
1938997879110279298,"Sat, Jun 28, 2025",@karakurinet いいねありがとうございます！ いいねした方限定で、コピペで使える配色データ配ってるので、もしよかったら！ ▼こちらから https://t.co/yA9RE590It https://t.co/Jtpf7MCbS7,https://x.com/Hisashi_dn/status/1938997879110279298,0,0,0,0,0,0,0,0,0,0,0,0,0
1938996253570015710,"Sat, Jun 28, 2025",@nukumori_fra いいねありがとうございます！ いいねした方限定で、コピペで使える配色データ配ってるので、もしよかったら！ ▼こちらから https://t.co/yA9RE590It https://t.co/N9BVGDYJTC,https://x.com/Hisashi_dn/status/1938996253570015710,2,0,1,0,0,0,0,0,1,0,0,0,0
1938986740230038017,"Sat, Jun 28, 2025",@foncypp いいねありがとうございます！ いいねした方限定で、コピペで使える配色データ配ってるので、もしよかったら！ ▼こちらから https://t.co/yA9RE590It https://t.co/AWgabCcXA7,https://x.com/Hisashi_dn/status/1938986740230038017,9,1,8,0,0,0,0,0,1,5,1,0,0
1938983154154643739,"Sat, Jun 28, 2025",@nienie0405 いいねありがとうございます！ いいねした方限定で、コピペで使える配色データ配ってるので、もしよかったら！ ▼こちらから https://t.co/yA9RE590It https://t.co/5OP4FbHUKO,https://x.com/Hisashi_dn/status/1938983154154643739,0,0,0,0,0,0,0,0,0,0,0,0,0
1938980424350630148,"Sat, Jun 28, 2025",@rom_kd いいねありがとうございます！ いいねした方限定で、コピペで使える配色データ配ってるので、もしよかったら！ ▼こちらから https://t.co/yA9RE590It https://t.co/vzEw8HCIeG,https://x.com/Hisashi_dn/status/1938980424350630148,0,0,0,0,0,0,0,0,0,0,0,0,0
1938979031367721060,"Sat, Jun 28, 2025",@Cathy_sunnana いいねありがとうございます！ いいねした方限定で、コピペで使える配色データ配ってるので、もしよかったら！ ▼こちらから https://t.co/yA9RE590It https://t.co/dgY1Zo3zT4,https://x.com/Hisashi_dn/status/1938979031367721060,2,0,0,0,0,0,0,0,0,0,0,0,0
1938973092199727530,"Sat, Jun 28, 2025",@_myrrh いいねありがとうございます！ いいねした方限定で、コピペで使える配色データ配ってるので、もしよかったら！ ▼こちらから https://t.co/yA9RE590It https://t.co/Zw5oIw5ePt,https://x.com/Hisashi_dn/status/1938973092199727530,3,0,0,0,0,0,0,0,0,0,0,0,0
1938972935836061904,"Sat, Jun 28, 2025",@yomitaidake いいねありがとうございます！ いいねした方限定で、コピペで使える配色データ配ってるので、もしよかったら！ ▼こちらから https://t.co/yA9RE590It https://t.co/h83zcbnAqB,https://x.com/Hisashi_dn/status/1938972935836061904,0,0,0,0,0,0,0,0,0,0,0,0,0
1938970860678959385,"Sat, Jun 28, 2025",@vkApwWL6OA22265 いいねありがとうございます！ いいねした方限定で、コピペで使える配色データ配ってるので、もしよかったら！ ▼こちらから https://t.co/yA9RE590It https://t.co/Z92EvSHEj8,https://x.com/Hisashi_dn/status/1938970860678959385,3,0,0,0,0,0,0,0,0,0,0,0,0
1938970460987039928,"Sat, Jun 28, 2025",@kate446779384 いいねありがとうございます！ いいねした方限定で、コピペで使える配色データ配ってるので、もしよかったら！ ▼こちらから https://t.co/yA9RE590It https://t.co/p4TD5wjV9L,https://x.com/Hisashi_dn/status/1938970460987039928,8,0,0,0,0,0,0,0,0,0,0,0,0
1938970180283163134,"Sat, Jun 28, 2025",@m_mcykmn 受け取りありがとうございます！ データが重いのでGoogle Driveで↓ https://t.co/lfWGwW25Xf https://t.co/vN76eKpzwT,https://x.com/Hisashi_dn/status/1938970180283163134,2,1,1,0,0,0,0,0,0,0,0,0,0
1938969401472233690,"Sat, Jun 28, 2025",@uneup_444 受け取りありがとうございます！ データが重いのでGoogle Driveで↓ https://t.co/lfWGwW25Xf https://t.co/13XXxjFJ75,https://x.com/Hisashi_dn/status/1938969401472233690,1,0,4,0,1,0,0,0,0,3,1,0,0
1938967913807126954,"Sat, Jun 28, 2025",@malvone0design いいねありがとうございます！ いいねした方限定で、コピペで使える配色データ配ってるので、もしよかったら！ ▼こちらから https://t.co/yA9RE590It https://t.co/nyCNklP7VN,https://x.com/Hisashi_dn/status/1938967913807126954,7,1,4,1,0,0,1,0,1,0,1,0,0
1938967657740644639,"Sat, Jun 28, 2025",@y935_design 受け取りありがとうございます！ データが重いのでGoogle Driveで↓ https://t.co/lfWGwW25Xf https://t.co/4zyN6U1TnQ,https://x.com/Hisashi_dn/status/1938967657740644639,1,1,1,0,0,0,0,0,0,0,0,0,0
1938963543346606132,"Sat, Jun 28, 2025",@guu_131 いいねありがとうございます！ いいねした方限定で、コピペで使える配色データ配ってるので、もしよかったら！ ▼こちらから https://t.co/yA9RE590It https://t.co/z7u2jdsgKe,https://x.com/Hisashi_dn/status/1938963543346606132,0,0,0,0,0,0,0,0,0,0,0,0,0
1938960388395278602,"Sat, Jun 28, 2025",@111000ooi いいねありがとうございます！ いいねした方限定で、コピペで使える配色データ配ってるので、もしよかったら！ ▼こちらから https://t.co/yA9RE590It https://t.co/C1GF9kJ4fy,https://x.com/Hisashi_dn/status/1938960388395278602,4,0,1,0,0,0,0,0,1,0,0,0,0
1938958889778848142,"Sat, Jun 28, 2025",@ryojun_design いいねありがとうございます！ いいねした方限定で、コピペで使える配色データ配ってるので、もしよかったら！ ▼こちらから https://t.co/yA9RE590It https://t.co/CMw9g8l0y7,https://x.com/Hisashi_dn/status/1938958889778848142,4,1,6,0,0,0,1,0,0,0,2,0,0
1938958747864592837,"Sat, Jun 28, 2025",@44taka_kaneda いいねありがとうございます！ いいねした方限定で、コピペで使える配色データ配ってるので、もしよかったら！ ▼こちらから https://t.co/yA9RE590It https://t.co/6jktkqJKUp,https://x.com/Hisashi_dn/status/1938958747864592837,1,0,2,0,0,0,0,0,0,0,2,0,0
1938957570565382367,"Sat, Jun 28, 2025",@kotarokanda_CG いいねありがとうございます！ いいねした方限定で、コピペで使える配色データ配ってるので、もしよかったら！ ▼こちらから https://t.co/yA9RE590It https://t.co/glVpArVhPk,https://x.com/Hisashi_dn/status/1938957570565382367,8,0,2,0,0,0,0,0,0,0,2,0,0
1938953900050260358,"Sat, Jun 28, 2025",@nozomi_lp いいねありがとうございます！ いいねした方限定で、コピペで使える配色データ配ってるので、もしよかったら！ ▼こちらから https://t.co/yA9RE590It https://t.co/X3oomxUUVD,https://x.com/Hisashi_dn/status/1938953900050260358,0,0,0,0,0,0,0,0,0,0,0,0,0
1938953240483361227,"Sat, Jun 28, 2025",@kaguyaSELENE いいねありがとうございます！ いいねした方限定で、コピペで使える配色データ配ってるので、もしよかったら！ ▼こちらから https://t.co/yA9RE590It https://t.co/lA1Wr7DA81,https://x.com/Hisashi_dn/status/1938953240483361227,0,0,0,0,0,0,0,0,0,0,0,0,0
1938951485498540167,"Sat, Jun 28, 2025",@2gimima いいねありがとうございます！ いいねした方限定で、コピペで使える配色データ配ってるので、もしよかったら！ ▼こちらから https://t.co/yA9RE590It https://t.co/A4IY2LGwsl,https://x.com/Hisashi_dn/status/1938951485498540167,6,0,6,0,0,0,0,0,3,2,1,0,0
1938944993319920004,"Sat, Jun 28, 2025",@abcde_jb いいねありがとうございます！ いいねした方限定で、コピペで使える配色データ配ってるので、もしよかったら！ ▼こちらから https://t.co/yA9RE590It https://t.co/hOgkDSHMMK,https://x.com/Hisashi_dn/status/1938944993319920004,0,0,0,0,0,0,0,0,0,0,0,0,0
1938941760539128317,"Sat, Jun 28, 2025",@FUMIYA_moment いいねありがとうございます！ いいねした方限定で、コピペで使える配色データ配ってるので、もしよかったら！ ▼こちらから https://t.co/yA9RE590It https://t.co/9udYf6R2uR,https://x.com/Hisashi_dn/status/1938941760539128317,3,0,0,0,0,0,0,0,0,0,0,0,0
1938941592729198782,"Sat, Jun 28, 2025",@sasakoafu いいねありがとうございます！ いいねした方限定で、コピペで使える配色データ配ってるので、もしよかったら！ ▼こちらから https://t.co/yA9RE590It https://t.co/Q5AHorZIN7,https://x.com/Hisashi_dn/status/1938941592729198782,0,0,0,0,0,0,0,0,0,0,0,0,0
1938941325736632505,"Sat, Jun 28, 2025",ただの砂糖と香料にこんなにも種類を持たせられるのが、クリエイティブの強み。意味の持たせ方によって見せ方も異なり、人間が感じる価値も10倍100倍と変わってくる。これがクリエイティブの圧倒的な強み。 https://t.co/SFtvlgzn6N,https://x.com/Hisashi_dn/status/1938941325736632505,1562,22,70,4,2,0,0,0,5,3,0,0,0
1938940572670271518,"Sat, Jun 28, 2025",@psp_playnow いいねありがとうございます！ いいねした方限定で、コピペで使える配色データ配ってるので、もしよかったら！ ▼こちらから https://t.co/yA9RE590It https://t.co/nRjzyXvVyK,https://x.com/Hisashi_dn/status/1938940572670271518,12,0,2,0,0,0,0,0,0,0,2,0,0
1938936363631681981,"Sat, Jun 28, 2025",@F0X_EX いいねありがとうございます！ いいねした方限定で、コピペで使える配色データ配ってるので、もしよかったら！ ▼こちらから https://t.co/yA9RE590It https://t.co/fXzvkE1Lee,https://x.com/Hisashi_dn/status/1938936363631681981,6,0,1,0,0,0,0,0,0,0,0,0,0
1938934969189179677,"Sat, Jun 28, 2025",@s2usgwns66 いいねありがとうございます！ いいねした方限定で、コピペで使える配色データ配ってるので、もしよかったら！ ▼こちらから https://t.co/yA9RE590It https://t.co/LEShtevM4i,https://x.com/Hisashi_dn/status/1938934969189179677,17,0,1,0,0,0,0,0,1,0,0,0,0
1938934789299675312,"Sat, Jun 28, 2025",@guri_ouchi いいねありがとうございます！ いいねした方限定で、コピペで使える配色データ配ってるので、もしよかったら！ ▼こちらから https://t.co/yA9RE590It https://t.co/lU7RXq2FTx,https://x.com/Hisashi_dn/status/1938934789299675312,11,0,2,0,0,0,0,0,0,0,2,0,0
1938931876779172173,"Sat, Jun 28, 2025",@shianchannnn いいねありがとうございます！ いいねした方限定で、コピペで使える配色データ配ってるので、もしよかったら！ ▼こちらから https://t.co/yA9RE590It https://t.co/nsIyOD6PXc,https://x.com/Hisashi_dn/status/1938931876779172173,4,0,0,0,0,0,0,0,0,0,0,0,0
1938927250931699765,"Sat, Jun 28, 2025",@_maaarinn25_ いいねありがとうございます！ いいねした方限定で、コピペで使える配色データ配ってるので、もしよかったら！ ▼こちらから https://t.co/yA9RE590It https://t.co/UtHGOcOyMt,https://x.com/Hisashi_dn/status/1938927250931699765,0,0,0,0,0,0,0,0,0,0,0,0,0
1938926682397909313,"Sat, Jun 28, 2025",@orange_enji_FC いいねありがとうございます！ いいねした方限定で、コピペで使える配色データ配ってるので、もしよかったら！ ▼こちらから https://t.co/yA9RE590It https://t.co/Ig62DU2EPM,https://x.com/Hisashi_dn/status/1938926682397909313,44,0,0,0,0,0,0,0,0,0,0,0,0
1938924989870379052,"Sat, Jun 28, 2025",@nakamoto_koma 受け取りありがとうございます！ 下記リンクから予約できます↓↓ https://t.co/Y2xxrpnjWW https://t.co/p7692QEt8Q,https://x.com/Hisashi_dn/status/1938924989870379052,1,0,0,0,0,0,0,0,0,0,0,0,0
1938922758114779324,"Sat, Jun 28, 2025",@mallchanchan いいねありがとうございます！ いいねした方限定で、コピペで使える配色データ配ってるので、もしよかったら！ ▼こちらから https://t.co/yA9RE590It https://t.co/tHmIDKeeQS,https://x.com/Hisashi_dn/status/1938922758114779324,2,0,0,0,0,0,0,0,0,0,0,0,0
1938922529349083451,"Sat, Jun 28, 2025",@ryoto_1221_ いいねありがとうございます！ いいねした方限定で、コピペで使える配色データ配ってるので、もしよかったら！ ▼こちらから https://t.co/yA9RE590It https://t.co/fHqpVZWzCP,https://x.com/Hisashi_dn/status/1938922529349083451,6,1,5,0,0,0,0,0,1,0,3,0,0
1938921021257757070,"Sat, Jun 28, 2025",@ozoo0116 受け取りありがとうございます！ データが重いのでGoogle Driveで↓ https://t.co/lfWGwW25Xf https://t.co/mjNHBL3B2O,https://x.com/Hisashi_dn/status/1938921021257757070,0,0,0,0,0,0,0,0,0,0,0,0,0
1938915628993389044,"Sat, Jun 28, 2025",@skVmRJbz8r74166 いいねありがとうございます！ いいねした方限定で、コピペで使える配色データ配ってるので、もしよかったら！ ▼こちらから https://t.co/yA9RE590It https://t.co/aFQOh16AxX,https://x.com/Hisashi_dn/status/1938915628993389044,10,0,0,0,0,0,0,0,0,0,0,0,0
1938915537083605178,"Sat, Jun 28, 2025",@Filo514994 いいねありがとうございます！ いいねした方限定で、コピペで使える配色データ配ってるので、もしよかったら！ ▼こちらから https://t.co/yA9RE590It https://t.co/5cRJ5DRGuc,https://x.com/Hisashi_dn/status/1938915537083605178,7,0,1,0,0,0,0,0,1,0,0,0,0
1938908804437192874,"Sat, Jun 28, 2025",@youbun_chan いいねありがとうございます！ いいねした方限定で、コピペで使える配色データ配ってるので、もしよかったら！ ▼こちらから https://t.co/yA9RE590It https://t.co/fJbvNCNRa5,https://x.com/Hisashi_dn/status/1938908804437192874,1,1,1,0,0,0,0,0,0,0,0,0,0
1938908534454071367,"Sat, Jun 28, 2025",@kayo_smj いいねありがとうございます！ いいねした方限定で、コピペで使える配色データ配ってるので、もしよかったら！ ▼こちらから https://t.co/yA9RE590It https://t.co/3I4AY2Vlrn,https://x.com/Hisashi_dn/status/1938908534454071367,1,0,0,0,0,0,0,0,0,0,0,0,0
1938906651463164146,"Sat, Jun 28, 2025",@eggtart000 いいねありがとうございます！ いいねした方限定で、コピペで使える配色データ配ってるので、もしよかったら！ ▼こちらから https://t.co/yA9RE590It https://t.co/3Ozoc0OG6w,https://x.com/Hisashi_dn/status/1938906651463164146,2,0,0,1,0,0,0,0,0,0,0,0,0
1938903502614601762,"Sat, Jun 28, 2025",@enjoy_tolearn いいねありがとうございます！ いいねした方限定で、コピペで使える配色データ配ってるので、もしよかったら！ ▼こちらから https://t.co/yA9RE590It https://t.co/ICKFXpdaR1,https://x.com/Hisashi_dn/status/1938903502614601762,4,1,2,0,0,0,1,0,0,0,0,0,0
1938900935079555232,"Sat, Jun 28, 2025",「デザインの言語化」って、難しく聞こえますよね。簡単なトレーニングがあります。「このデザインが好きな理由を3つ言う」練習。これを繰り返すだけで、感覚的な「好き」を、論理的な「言葉」に変換する力がついてきます。,https://x.com/Hisashi_dn/status/1938900935079555232,1567,31,37,4,0,0,0,0,3,3,0,0,0
1938900136421457967,"Sat, Jun 28, 2025",@ebisen_D いいねありがとうございます！ いいねした方限定で、コピペで使える配色データ配ってるので、もしよかったら！ ▼こちらから https://t.co/yA9RE590It https://t.co/2Rv8JJ5xZY,https://x.com/Hisashi_dn/status/1938900136421457967,8,1,1,0,0,0,0,0,0,0,0,0,0
1938894866324586740,"Sat, Jun 28, 2025",@Asanori_K1291 いいねありがとうございます！ いいねした方限定で、コピペで使える配色データ配ってるので、もしよかったら！ ▼こちらから https://t.co/yA9RE590It https://t.co/LThHlv4cDv,https://x.com/Hisashi_dn/status/1938894866324586740,1,0,1,0,0,0,0,0,0,0,1,0,0
1938894125983801663,"Sat, Jun 28, 2025",@toriminti2525 いいねありがとうございます！ いいねした方限定で、コピペで使える配色データ配ってるので、もしよかったら！ ▼こちらから https://t.co/yA9RE590It https://t.co/nXDzdKOEpt,https://x.com/Hisashi_dn/status/1938894125983801663,26,1,3,0,0,0,0,0,1,0,0,0,0
1938887868270961124,"Sat, Jun 28, 2025",@naruo_Gorilla いいねありがとうございます！ いいねした方限定で、コピペで使える配色データ配ってるので、もしよかったら！ ▼こちらから https://t.co/yA9RE590It https://t.co/MjFwW34zDp,https://x.com/Hisashi_dn/status/1938887868270961124,49,0,5,0,0,0,0,0,1,1,0,0,0
1938887701991960850,"Sat, Jun 28, 2025",@mikohashiii いいねありがとうございます！ いいねした方限定で、コピペで使える配色データ配ってるので、もしよかったら！ ▼こちらから https://t.co/yA9RE590It https://t.co/s725vja0L7,https://x.com/Hisashi_dn/status/1938887701991960850,4,0,0,0,0,0,0,0,0,0,0,0,0
1938887344980910099,"Sat, Jun 28, 2025",「完璧なデザイン」ができてから見せよう、と思っていませんか？その完璧、いつ来ますか？60%の出来でもいいから、一度誰かに見せてみる。勇気を出してフィードバックをもらう。その方が、一人で悩むより、ずっと早く成長できますよ。,https://x.com/Hisashi_dn/status/1938887344980910099,958,15,21,1,0,0,1,0,4,1,0,0,0
1938883517674594651,"Sat, Jun 28, 2025",@Soruto_908 いいねありがとうございます！ いいねした方限定で、コピペで使える配色データ配ってるので、もしよかったら！ ▼こちらから https://t.co/yA9RE590It https://t.co/5B9l32bLw3,https://x.com/Hisashi_dn/status/1938883517674594651,0,0,0,0,0,0,0,0,0,0,0,0,0
1938883263231336949,"Sat, Jun 28, 2025",@tekko33 いいねありがとうございます！ いいねした方限定で、コピペで使える配色データ配ってるので、もしよかったら！ ▼こちらから https://t.co/yA9RE590It https://t.co/phyURILco5,https://x.com/Hisashi_dn/status/1938883263231336949,5,0,0,0,0,0,0,0,0,0,0,0,0
1938882527265182031,"Sat, Jun 28, 2025",@lemon_kagashi いいねありがとうございます！ いいねした方限定で、コピペで使える配色データ配ってるので、もしよかったら！ ▼こちらから https://t.co/yA9RE590It https://t.co/PNxj9cQija,https://x.com/Hisashi_dn/status/1938882527265182031,9,0,0,0,0,0,0,0,0,0,0,0,0
1938882174335492283,"Sat, Jun 28, 2025",@modmod5981434 受け取りありがとうございます！ データが重いのでGoogle Driveで↓ https://t.co/lfWGwW25Xf https://t.co/XGOK7PNHPQ,https://x.com/Hisashi_dn/status/1938882174335492283,0,0,0,0,0,0,0,0,0,0,0,0,0
1938877234624033077,"Sat, Jun 28, 2025",@by_kyo007 いいねありがとうございます！ いいねした方限定で、コピペで使える配色データ配ってるので、もしよかったら！ ▼こちらから https://t.co/yA9RE590It https://t.co/OtukrGtTX6,https://x.com/Hisashi_dn/status/1938877234624033077,11,0,0,0,0,0,0,0,0,0,0,0,0
1938874127533908397,"Sat, Jun 28, 2025",@aikawasensei_24 いいねありがとうございます！ いいねした方限定で、コピペで使える配色データ配ってるので、もしよかったら！ ▼こちらから https://t.co/yA9RE590It https://t.co/IiA6e7lWbS,https://x.com/Hisashi_dn/status/1938874127533908397,9,0,0,0,0,0,0,0,0,0,0,0,0
1938872497132261845,"Sat, Jun 28, 2025",モチベーションが続かない時、自分を責めないでくださいね。誰にだって、そういう日はあります。そんな時は「今日はフォントを一つだけ覚える」とか、ハードルを極限まで下げる。小さな一歩でも、ゼロよりは遥かに大きな前進です。,https://x.com/Hisashi_dn/status/1938872497132261845,597,7,8,0,0,0,0,0,1,0,0,0,0
1938869990087872870,"Sat, Jun 28, 2025",@aobashiori いいねありがとうございます！ いいねした方限定で、コピペで使える配色データ配ってるので、もしよかったら！ ▼こちらから https://t.co/yA9RE590It https://t.co/CpGWb4tYOR,https://x.com/Hisashi_dn/status/1938869990087872870,2,0,0,0,0,0,0,0,0,0,0,0,0
1938869535626666119,"Sat, Jun 28, 2025",@bonheti いいねありがとうございます！ いいねした方限定で、コピペで使える配色データ配ってるので、もしよかったら！ ▼こちらから https://t.co/yA9RE590It https://t.co/IireZ8KAYN,https://x.com/Hisashi_dn/status/1938869535626666119,22,0,0,0,0,0,0,0,0,0,0,0,0
1938868472152555773,"Sat, Jun 28, 2025",@__deinaka__ いいねありがとうございます！ いいねした方限定で、コピペで使える配色データ配ってるので、もしよかったら！ ▼こちらから https://t.co/yA9RE590It https://t.co/LfpSxgdTrR,https://x.com/Hisashi_dn/status/1938868472152555773,0,0,0,0,0,0,0,0,0,0,0,0,0
1938863824079331530,"Sat, Jun 28, 2025",@rZEHTtkRQZ71432 いいねありがとうございます！ いいねした方限定で、コピペで使える配色データ配ってるので、もしよかったら！ ▼こちらから https://t.co/yA9RE590It https://t.co/2rEn72IzSd,https://x.com/Hisashi_dn/status/1938863824079331530,3,1,1,0,0,0,0,0,0,0,0,0,0
1938863724116558232,"Sat, Jun 28, 2025",@reiko_work いいねありがとうございます！ いいねした方限定で、コピペで使える配色データ配ってるので、もしよかったら！ ▼こちらから https://t.co/yA9RE590It https://t.co/p4BrzPNX5w,https://x.com/Hisashi_dn/status/1938863724116558232,4,0,0,0,0,0,0,0,0,0,0,0,0
1938863356460573138,"Sat, Jun 28, 2025",@Quadantid いいねありがとうございます！ いいねした方限定で、コピペで使える配色データ配ってるので、もしよかったら！ ▼こちらから https://t.co/yA9RE590It https://t.co/4hjjvMopb0,https://x.com/Hisashi_dn/status/1938863356460573138,6,0,0,0,0,0,0,0,0,0,0,0,0
1938858425758425378,"Sat, Jun 28, 2025",@LP8270100320343 いいねありがとうございます！ いいねした方限定で、コピペで使える配色データ配ってるので、もしよかったら！ ▼こちらから https://t.co/yA9RE590It https://t.co/BzBXpbWI1o,https://x.com/Hisashi_dn/status/1938858425758425378,65,1,8,0,0,0,1,0,2,1,1,0,0
1938849524598140962,"Sat, Jun 28, 2025",@jenny100422 いいねありがとうございます！ いいねした方限定で、コピペで使える配色データ配ってるので、もしよかったら！ ▼こちらから https://t.co/yA9RE590It https://t.co/wQv6gg5YDw,https://x.com/Hisashi_dn/status/1938849524598140962,10,0,0,0,0,0,0,0,0,0,0,0,0
1938848106273189922,"Sat, Jun 28, 2025",@2gallery_022 いいねありがとうございます！ いいねした方限定で、コピペで使える配色データ配ってるので、もしよかったら！ ▼こちらから https://t.co/yA9RE590It https://t.co/hP2Rybl1Hc,https://x.com/Hisashi_dn/status/1938848106273189922,6,0,1,0,0,0,0,0,0,1,0,0,0
1938847427995541805,"Sat, Jun 28, 2025",@naga06145505 いいねありがとうございます！ いいねした方限定で、コピペで使える配色データ配ってるので、もしよかったら！ ▼こちらから https://t.co/yA9RE590It https://t.co/UCXNV5tkMd,https://x.com/Hisashi_dn/status/1938847427995541805,7,0,0,0,0,0,0,0,0,0,0,0,0
1938847332684198315,"Sat, Jun 28, 2025",@boyaku_4690 いいねありがとうございます！ いいねした方限定で、コピペで使える配色データ配ってるので、もしよかったら！ ▼こちらから https://t.co/yA9RE590It https://t.co/7Tyo3eWAUq,https://x.com/Hisashi_dn/status/1938847332684198315,24,0,0,0,0,0,0,0,0,0,0,0,0
1938837760133280036,"Sat, Jun 28, 2025",@kimiko_design13 いいねありがとうございます！ いいねした方限定で、コピペで使える配色データ配ってるので、もしよかったら！ ▼こちらから https://t.co/yA9RE590It https://t.co/ZdhtHvah4n,https://x.com/Hisashi_dn/status/1938837760133280036,24,0,1,0,0,0,0,0,1,0,0,0,0
1938833447205974204,"Sat, Jun 28, 2025",@Fn1qCstAJP65001 受け取りありがとうございます！ データが重いのでGoogle Driveで↓ https://t.co/lfWGwW25Xf https://t.co/XfVmQRPqn7,https://x.com/Hisashi_dn/status/1938833447205974204,0,0,0,0,0,0,0,0,0,0,0,0,0
1938830800079987025,"Sat, Jun 28, 2025",@gainenman いいねありがとうございます！ いいねした方限定で、コピペで使える配色データ配ってるので、もしよかったら！ ▼こちらから https://t.co/yA9RE590It https://t.co/ocjCEPeH57,https://x.com/Hisashi_dn/status/1938830800079987025,2,1,6,0,0,0,0,0,2,0,1,0,0
1938821119349530842,"Sat, Jun 28, 2025",@takashia_mgr いいねありがとうございます！ いいねした方限定で、コピペで使える配色データ配ってるので、もしよかったら！ ▼こちらから https://t.co/yA9RE590It https://t.co/NVBpAGDMSA,https://x.com/Hisashi_dn/status/1938821119349530842,3,1,1,1,0,0,0,0,0,0,0,0,0
1938820590913364344,"Sat, Jun 28, 2025",@s_12r20 いいねありがとうございます！ いいねした方限定で、コピペで使える配色データ配ってるので、もしよかったら！ ▼こちらから https://t.co/yA9RE590It https://t.co/rCcq0mUmBk,https://x.com/Hisashi_dn/status/1938820590913364344,8,0,1,0,0,0,0,0,1,0,0,0,0
1938816395309129764,"Sat, Jun 28, 2025",@AkmsPin いいねありがとうございます！ いいねした方限定で、コピペで使える配色データ配ってるので、もしよかったら！ ▼こちらから https://t.co/yA9RE590It https://t.co/yjzBRvlOR6,https://x.com/Hisashi_dn/status/1938816395309129764,4,0,0,0,0,0,0,0,0,0,0,0,0
1938812232634376594,"Sat, Jun 28, 2025",@chisatomato__ いいねありがとうございます！ いいねした方限定で、コピペで使える配色データ配ってるので、もしよかったら！ ▼こちらから https://t.co/yA9RE590It https://t.co/RNYqvS1L1Y,https://x.com/Hisashi_dn/status/1938812232634376594,4,0,1,0,1,0,0,0,0,0,0,0,0
1938812121804083707,"Sat, Jun 28, 2025",@Mz23I1 いいねありがとうございます！ いいねした方限定で、コピペで使える配色データ配ってるので、もしよかったら！ ▼こちらから https://t.co/yA9RE590It https://t.co/HdKAYlC7gA,https://x.com/Hisashi_dn/status/1938812121804083707,0,0,0,0,0,0,0,0,0,0,0,0,0
1938811847181803608,"Sat, Jun 28, 2025",「これ、どうやって作ってるんだろう？」と思ったら、すぐに調べる癖をつけましょう。「ググる力」は、これからの時代の最強のスキルの一つ。答えを見つける能力は、知識を暗記していることより、ずっと価値があります。,https://x.com/Hisashi_dn/status/1938811847181803608,609,8,8,0,0,0,0,0,0,0,0,0,0
1938808984720548005,"Sat, Jun 28, 2025",@86sukekousuke いいねありがとうございます！ いいねした方限定で、コピペで使える配色データ配ってるので、もしよかったら！ ▼こちらから https://t.co/yA9RE590It https://t.co/N9YeXGnmu3,https://x.com/Hisashi_dn/status/1938808984720548005,9,0,1,0,0,0,0,0,0,0,1,0,0
1938808003106689055,"Sat, Jun 28, 2025",@mukuxdizzy いいねありがとうございます！ いいねした方限定で、コピペで使える配色データ配ってるので、もしよかったら！ ▼こちらから https://t.co/yA9RE590It https://t.co/P3pFszOWLt,https://x.com/Hisashi_dn/status/1938808003106689055,62,0,5,0,0,0,0,0,0,0,2,0,0
1938805274401480916,"Sat, Jun 28, 2025",@788_nahaha いいねありがとうございます！ いいねした方限定で、コピペで使える配色データ配ってるので、もしよかったら！ ▼こちらから https://t.co/yA9RE590It https://t.co/IX65FhTDia,https://x.com/Hisashi_dn/status/1938805274401480916,0,0,0,0,0,0,0,0,0,0,0,0,0
1938803232362635729,"Sat, Jun 28, 2025",@aruton_sorairo いいねありがとうございます！ いいねした方限定で、コピペで使える配色データ配ってるので、もしよかったら！ ▼こちらから https://t.co/yA9RE590It https://t.co/WKa8DnKybv,https://x.com/Hisashi_dn/status/1938803232362635729,9,0,1,0,0,0,0,0,1,0,0,0,0
1938802047941517320,"Sat, Jun 28, 2025",@toba_sawa いいねありがとうございます！ いいねした方限定で、コピペで使える配色データ配ってるので、もしよかったら！ ▼こちらから https://t.co/yA9RE590It https://t.co/Jbn9pRma14,https://x.com/Hisashi_dn/status/1938802047941517320,17,0,3,0,0,0,0,0,0,2,1,0,0
1938800209913585770,"Sat, Jun 28, 2025",@webdesign0430 いいねありがとうございます！ いいねした方限定で、コピペで使える配色データ配ってるので、もしよかったら！ ▼こちらから https://t.co/yA9RE590It https://t.co/1NdW33H6Lo,https://x.com/Hisashi_dn/status/1938800209913585770,0,0,0,0,0,0,0,0,0,0,0,0,0
1938799964823658616,"Sat, Jun 28, 2025",@2585Mihoyu いいねありがとうございます！ いいねした方限定で、コピペで使える配色データ配ってるので、もしよかったら！ ▼こちらから https://t.co/yA9RE590It https://t.co/larLPrq0Uj,https://x.com/Hisashi_dn/status/1938799964823658616,0,0,0,0,0,0,0,0,0,0,0,0,0
1938799619045236800,"Sat, Jun 28, 2025",@OyuzumikanO いいねありがとうございます！ いいねした方限定で、コピペで使える配色データ配ってるので、もしよかったら！ ▼こちらから https://t.co/yA9RE590It https://t.co/xTCpebDYez,https://x.com/Hisashi_dn/status/1938799619045236800,31,1,4,0,0,0,1,0,0,0,2,0,0
1938799264446193997,"Sat, Jun 28, 2025",「インパクト」を感じさせたいデザインで おすすめのAdobe Fontsまとめ https://t.co/1lQzHZxB2P,https://x.com/Hisashi_dn/status/1938799264446193997,78578,930,3961,840,451,2,0,56,185,91,67,0,0
1938796120865677411,"Sat, Jun 28, 2025",@tomos_palette いいねありがとうございます！ いいねした方限定で、コピペで使える配色データ配ってるので、もしよかったら！ ▼こちらから https://t.co/yA9RE590It https://t.co/9g3WDK4ydU,https://x.com/Hisashi_dn/status/1938796120865677411,13,0,0,0,0,0,0,0,0,0,0,0,0
1938795575971033419,"Sat, Jun 28, 2025",@shiroku14083291 いいねありがとうございます！ いいねした方限定で、コピペで使える配色データ配ってるので、もしよかったら！ ▼こちらから https://t.co/yA9RE590It https://t.co/T9O4CctOqL,https://x.com/Hisashi_dn/status/1938795575971033419,3,0,1,0,0,0,0,0,0,0,1,0,0
1938794734631198909,"Sat, Jun 28, 2025",ポートフォリオに載せる作品がない？大丈夫。架空の会社のロゴやサイトを作ってみましょう。「ペルソナは〇〇で、課題は△△。だから、こういうデザインにしました」と説明を添える。その「思考のプロセス」こそ、クライアントが見たいものです。,https://x.com/Hisashi_dn/status/1938794734631198909,923,17,25,0,0,0,0,0,2,6,0,0,0
1938788294709715432,"Sat, Jun 28, 2025",@Xluna_yoyoX いいねありがとうございます！ いいねした方限定で、コピペで使える配色データ配ってるので、もしよかったら！ ▼こちらから https://t.co/yA9RE590It https://t.co/HebJebsqj6,https://x.com/Hisashi_dn/status/1938788294709715432,10,1,1,0,0,0,0,0,0,0,0,0,0
1938786761444073857,"Sat, Jun 28, 2025",@tatsuokun_0 いいねありがとうございます！ いいねした方限定で、コピペで使える配色データ配ってるので、もしよかったら！ ▼こちらから https://t.co/yA9RE590It https://t.co/6wukRCTgUB,https://x.com/Hisashi_dn/status/1938786761444073857,4,0,1,0,0,0,0,0,0,0,1,0,0
1938785544970055995,"Sat, Jun 28, 2025",@tekko33 受け取りありがとうございます！ データが重いのでGoogle Driveで↓ https://t.co/lfWGwW25Xf https://t.co/acIB9mOUPv,https://x.com/Hisashi_dn/status/1938785544970055995,6,0,0,0,0,0,0,0,0,0,0,0,0
1938783987343990982,"Sat, Jun 28, 2025",@cmlove25 いいねありがとうございます！ いいねした方限定で、コピペで使える配色データ配ってるので、もしよかったら！ ▼こちらから https://t.co/yA9RE590It https://t.co/pT2rJLtSSU,https://x.com/Hisashi_dn/status/1938783987343990982,0,0,0,0,0,0,0,0,0,0,0,0,0
1938783818481312255,"Sat, Jun 28, 2025",@KKGDArKRra27069 いいねありがとうございます！ いいねした方限定で、コピペで使える配色データ配ってるので、もしよかったら！ ▼こちらから https://t.co/yA9RE590It https://t.co/Qvttfm3TO3,https://x.com/Hisashi_dn/status/1938783818481312255,43,0,0,0,0,0,0,0,0,0,0,0,0
1938783578827170089,"Sat, Jun 28, 2025",@mii02142022 いいねありがとうございます！ いいねした方限定で、コピペで使える配色データ配ってるので、もしよかったら！ ▼こちらから https://t.co/yA9RE590It https://t.co/6ugRkFJoUF,https://x.com/Hisashi_dn/status/1938783578827170089,2,0,7,0,0,0,0,0,0,0,7,0,0
1938782202684461350,"Sat, Jun 28, 2025",@S_r_e1225 いいねありがとうございます！ いいねした方限定で、コピペで使える配色データ配ってるので、もしよかったら！ ▼こちらから https://t.co/yA9RE590It https://t.co/IwuYzp82g0,https://x.com/Hisashi_dn/status/1938782202684461350,15,1,1,0,0,0,0,0,0,0,0,0,0
1938780641992306715,"Sat, Jun 28, 2025",PhotoshopやIllustrator、Figma…。たくさんのツールがあって大変ですよね。でも、全部を完璧に使いこなす必要はありません。まずは、一つのツールで「簡単なバナー広告を作る」とか、小さなゴールを決めてみる。一つできれば、それが自信になります。,https://x.com/Hisashi_dn/status/1938780641992306715,1211,21,33,0,0,0,0,0,11,1,0,0,0
1938779480883159345,"Sat, Jun 28, 2025",@mogu37019715061 いいねありがとうございます！ いいねした方限定で、コピペで使える配色データ配ってるので、もしよかったら！ ▼こちらから https://t.co/yA9RE590It https://t.co/QsrFBLQcCx,https://x.com/Hisashi_dn/status/1938779480883159345,5,0,0,0,0,0,0,0,0,0,0,0,0
1938777351644741848,"Sat, Jun 28, 2025",@neunenene いいねありがとうございます！ いいねした方限定で、コピペで使える配色データ配ってるので、もしよかったら！ ▼こちらから https://t.co/yA9RE590It https://t.co/GTZUMar5bv,https://x.com/Hisashi_dn/status/1938777351644741848,15,0,0,0,0,0,0,0,0,0,0,0,0
1938777345885974709,"Sat, Jun 28, 2025",@Baikon1129 いいねありがとうございます！ いいねした方限定で、コピペで使える配色データ配ってるので、もしよかったら！ ▼こちらから https://t.co/yA9RE590It https://t.co/nhUBQD7aCR,https://x.com/Hisashi_dn/status/1938777345885974709,16,0,3,0,0,0,0,0,2,0,0,0,0
1938776002098012638,"Sat, Jun 28, 2025",@mh_webcode 受け取りありがとうございます！ データが重いのでGoogle Driveで↓ https://t.co/lfWGwW25Xf https://t.co/toHWCOxIUS,https://x.com/Hisashi_dn/status/1938776002098012638,2,0,0,0,0,0,0,0,0,0,0,0,0
1938773785840398425,"Sat, Jun 28, 2025",@takataka__09 いいねありがとうございます！ いいねした方限定で、コピペで使える配色データ配ってるので、もしよかったら！ ▼こちらから https://t.co/yA9RE590It https://t.co/vMNR2Fui0n,https://x.com/Hisashi_dn/status/1938773785840398425,6,0,0,0,0,0,0,0,0,0,0,0,0
1938771955622256932,"Sat, Jun 28, 2025",@KinasaDesu いいねありがとうございます！ いいねした方限定で、コピペで使える配色データ配ってるので、もしよかったら！ ▼こちらから https://t.co/yA9RE590It https://t.co/OQHTRt91DM,https://x.com/Hisashi_dn/status/1938771955622256932,5,0,0,0,0,0,0,0,0,0,0,0,0
1938771445125165448,"Sat, Jun 28, 2025",@Blue_rozy927 いいねありがとうございます！ いいねした方限定で、コピペで使える配色データ配ってるので、もしよかったら！ ▼こちらから https://t.co/yA9RE590It https://t.co/ys5D9PZXJ0,https://x.com/Hisashi_dn/status/1938771445125165448,3,0,0,0,0,0,0,0,0,0,0,0,0
1938769467947012318,"Sat, Jun 28, 2025",@ciz_i 受け取りありがとうございます！ データが重いのでGoogle Driveで↓ https://t.co/lfWGwW25Xf https://t.co/Jg8trURzBR,https://x.com/Hisashi_dn/status/1938769467947012318,5,1,3,0,0,0,0,0,1,0,1,0,0
1938769287889723597,"Sat, Jun 28, 2025",@pup_u17 いいねありがとうございます！ いいねした方限定で、コピペで使える配色データ配ってるので、もしよかったら！ ▼こちらから https://t.co/yA9RE590It https://t.co/QEU3CeTSKJ,https://x.com/Hisashi_dn/status/1938769287889723597,14,0,0,0,0,0,0,0,0,0,0,0,0
1938769210181857561,"Sat, Jun 28, 2025",@timneee いいねありがとうございます！ いいねした方限定で、コピペで使える配色データ配ってるので、もしよかったら！ ▼こちらから https://t.co/yA9RE590It https://t.co/Rqbg8FDRIx,https://x.com/Hisashi_dn/status/1938769210181857561,4,1,6,0,0,0,0,0,3,0,0,0,0
1938769169069285438,"Sat, Jun 28, 2025",@baqs861k2an いいねありがとうございます！ いいねした方限定で、コピペで使える配色データ配ってるので、もしよかったら！ ▼こちらから https://t.co/yA9RE590It https://t.co/ZxUh73BsLb,https://x.com/Hisashi_dn/status/1938769169069285438,4,0,0,0,0,0,0,0,0,0,0,0,0
1938768351125557556,"Sat, Jun 28, 2025",@crescent_A_24 いいねありがとうございます！ いいねした方限定で、コピペで使える配色データ配ってるので、もしよかったら！ ▼こちらから https://t.co/yA9RE590It https://t.co/CYciVwHMMw,https://x.com/Hisashi_dn/status/1938768351125557556,17,0,1,0,0,0,0,0,1,0,0,0,0
1938767627775811720,"Sat, Jun 28, 2025",@madesign2015 いいねありがとうございます！ いいねした方限定で、コピペで使える配色データ配ってるので、もしよかったら！ ▼こちらから https://t.co/yA9RE590It https://t.co/SZ9KXZGHBs,https://x.com/Hisashi_dn/status/1938767627775811720,1,0,0,0,0,0,0,0,0,0,0,0,0
1938767527028687175,"Sat, Jun 28, 2025",@madesign2015 受け取りありがとうございます！ データが重いのでGoogle Driveで↓ https://t.co/lfWGwW25Xf https://t.co/i2IifbV9As,https://x.com/Hisashi_dn/status/1938767527028687175,1,0,0,0,0,0,0,0,0,0,0,0,0
1938766540654186596,"Sat, Jun 28, 2025",@heart0216 いいねありがとうございます！ いいねした方限定で、コピペで使える配色データ配ってるので、もしよかったら！ ▼こちらから https://t.co/yA9RE590It https://t.co/g8rLfOEUWD,https://x.com/Hisashi_dn/status/1938766540654186596,34,0,0,0,0,0,0,0,0,0,0,0,0
1938766197383897123,"Sat, Jun 28, 2025",@bgtfny いいねありがとうございます！ いいねした方限定で、コピペで使える配色データ配ってるので、もしよかったら！ ▼こちらから https://t.co/yA9RE590It https://t.co/or9g8h4ebu,https://x.com/Hisashi_dn/status/1938766197383897123,6,0,1,0,0,0,0,0,0,0,1,0,0
1938766095156232531,"Sat, Jun 28, 2025",@bgtfny 受け取りありがとうございます！ データが重いのでGoogle Driveで↓ https://t.co/lfWGwW25Xf https://t.co/vZN6J162dA,https://x.com/Hisashi_dn/status/1938766095156232531,5,0,2,0,0,0,0,0,0,0,2,0,0
1938762333867909446,"Sat, Jun 28, 2025",@cocomonokobo いいねありがとうございます！ いいねした方限定で、コピペで使える配色データ配ってるので、もしよかったら！ ▼こちらから https://t.co/yA9RE590It https://t.co/OCm3IQlt3a,https://x.com/Hisashi_dn/status/1938762333867909446,5,1,1,0,0,0,0,0,0,0,0,0,0
1938758995743056182,"Sat, Jun 28, 2025",@sasacura_trpg いいねありがとうございます！ いいねした方限定で、コピペで使える配色データ配ってるので、もしよかったら！ ▼こちらから https://t.co/yA9RE590It https://t.co/OjLJ4sSIAc,https://x.com/Hisashi_dn/status/1938758995743056182,9,1,1,0,0,0,0,0,0,0,0,0,0
1938757204854936061,"Sat, Jun 28, 2025",@Ag_Ri0 いいねありがとうございます！ いいねした方限定で、コピペで使える配色データ配ってるので、もしよかったら！ ▼こちらから https://t.co/yA9RE590It https://t.co/XNJ84MjWbI,https://x.com/Hisashi_dn/status/1938757204854936061,42,0,0,0,0,0,0,0,0,0,0,0,0
1938756089224536290,"Sat, Jun 28, 2025",@hsehsekh いいねありがとうございます！ いいねした方限定で、コピペで使える配色データ配ってるので、もしよかったら！ ▼こちらから https://t.co/yA9RE590It https://t.co/N4KHbiHILj,https://x.com/Hisashi_dn/status/1938756089224536290,11,0,2,0,0,0,0,0,0,0,2,0,0
1938755697308832230,"Sat, Jun 28, 2025",@ocopoyo いいねありがとうございます！ いいねした方限定で、コピペで使える配色データ配ってるので、もしよかったら！ ▼こちらから https://t.co/yA9RE590It https://t.co/b6bLJhanif,https://x.com/Hisashi_dn/status/1938755697308832230,1,0,0,0,0,0,0,0,0,0,0,0,0
1938755595424903489,"Sat, Jun 28, 2025",@23_0626 いいねありがとうございます！ いいねした方限定で、コピペで使える配色データ配ってるので、もしよかったら！ ▼こちらから https://t.co/yA9RE590It https://t.co/WmZIUAApha,https://x.com/Hisashi_dn/status/1938755595424903489,14,0,0,0,0,0,0,0,0,0,0,0,0
1938753906588426692,"Sat, Jun 28, 2025",@ankoha_seigi いいねありがとうございます！ いいねした方限定で、コピペで使える配色データ配ってるので、もしよかったら！ ▼こちらから https://t.co/yA9RE590It https://t.co/NUbIJ4ZTEW,https://x.com/Hisashi_dn/status/1938753906588426692,0,0,0,0,0,0,0,0,0,0,0,0,0
1938753189219836172,"Sat, Jun 28, 2025",@kumomi_hskg いいねありがとうございます！ いいねした方限定で、コピペで使える配色データ配ってるので、もしよかったら！ ▼こちらから https://t.co/yA9RE590It https://t.co/pXJnoMiqod,https://x.com/Hisashi_dn/status/1938753189219836172,5,1,3,0,2,0,0,0,0,0,2,0,0
1938750945938030816,"Sat, Jun 28, 2025",フリーランスとして最初の仕事、どうやって取るか。実績がないなら、作ればいいんです。例えば「近所のカフェのメニューを、勝手にリニューアルしてみる」。その熱意とプロセスが、お金で買えないあなたのポートフォリオになります。,https://x.com/Hisashi_dn/status/1938750945938030816,714,12,19,0,0,0,0,0,7,0,0,0,0
1938749964437594179,"Sat, Jun 28, 2025",@6ka_t いいねありがとうございます！ いいねした方限定で、コピペで使える配色データ配ってるので、もしよかったら！ ▼こちらから https://t.co/yA9RE590It https://t.co/k37feo5lSx,https://x.com/Hisashi_dn/status/1938749964437594179,4,1,3,0,0,0,1,0,1,0,0,0,0